key,value,date
Taylor Swift,3,Thu Jan 01 2015 00:00:00 GMT-0500 (EST)
Jeremih Featuring YG,1,Thu Jan 01 2015 00:00:00 GMT-0500 (EST)
Mark Ronson Featuring Bruno Mars,1,Thu Jan 01 2015 00:00:00 GMT-0500 (EST)
Ed Sheeran,2,Thu Jan 01 2015 00:00:00 GMT-0500 (EST)
Hozier,1,Thu Jan 01 2015 00:00:00 GMT-0500 (EST)
Maroon 5,2,Thu Jan 01 2015 00:00:00 GMT-0500 (EST)
Meghan Trainor,2,Thu Jan 01 2015 00:00:00 GMT-0500 (EST)
Sam Smith,2,Thu Jan 01 2015 00:00:00 GMT-0500 (EST)
Nick Jonas,1,Thu Jan 01 2015 00:00:00 GMT-0500 (EST)
Fall Out Boy,3,Thu Jan 01 2015 00:00:00 GMT-0500 (EST)
Ariana Grande & The Weeknd,1,Thu Jan 01 2015 00:00:00 GMT-0500 (EST)
Big Sean Featuring E-40,1,Thu Jan 01 2015 00:00:00 GMT-0500 (EST)
Usher Featuring Juicy J,1,Thu Jan 01 2015 00:00:00 GMT-0500 (EST)
Selena Gomez,1,Thu Jan 01 2015 00:00:00 GMT-0500 (EST)
James Newton Howard Featuring Jennifer Lawrence,1,Thu Jan 01 2015 00:00:00 GMT-0500 (EST)
Nicki Minaj Featuring Drake Lil Wayne & Chris Brown,1,Thu Jan 01 2015 00:00:00 GMT-0500 (EST)
Ellie Goulding,1,Thu Jan 01 2015 00:00:00 GMT-0500 (EST)
Pitbull & Ne-Yo,1,Thu Jan 01 2015 00:00:00 GMT-0500 (EST)
Rae Sremmurd,1,Thu Jan 01 2015 00:00:00 GMT-0500 (EST)
O.T. Genasis,1,Thu Jan 01 2015 00:00:00 GMT-0500 (EST)
Ella Henderson,1,Thu Jan 01 2015 00:00:00 GMT-0500 (EST)
I LOVE MAKONNEN Featuring Drake,1,Thu Jan 01 2015 00:00:00 GMT-0500 (EST)
The Weeknd,2,Thu Jan 01 2015 00:00:00 GMT-0500 (EST)
Jessie J Ariana Grande & Nicki Minaj,1,Thu Jan 01 2015 00:00:00 GMT-0500 (EST)
Mr. Probz,1,Thu Jan 01 2015 00:00:00 GMT-0500 (EST)
Tove Lo,1,Thu Jan 01 2015 00:00:00 GMT-0500 (EST)
Vance Joy,1,Thu Jan 01 2015 00:00:00 GMT-0500 (EST)
Sia,2,Thu Jan 01 2015 00:00:00 GMT-0500 (EST)
Flo Rida Featuring Sage The Gemini & Lookas,1,Thu Jan 01 2015 00:00:00 GMT-0500 (EST)
Alesso Featuring Tove Lo,1,Thu Jan 01 2015 00:00:00 GMT-0500 (EST)
Ne-Yo Featuring Juicy J,1,Thu Jan 01 2015 00:00:00 GMT-0500 (EST)
OneRepublic,1,Thu Jan 01 2015 00:00:00 GMT-0500 (EST)
Lillywood & Robin Schulz,1,Thu Jan 01 2015 00:00:00 GMT-0500 (EST)
Luke Bryan,1,Thu Jan 01 2015 00:00:00 GMT-0500 (EST)
Carrie Underwood,1,Thu Jan 01 2015 00:00:00 GMT-0500 (EST)
Eric Church,1,Thu Jan 01 2015 00:00:00 GMT-0500 (EST)
Florida Georgia Line,1,Thu Jan 01 2015 00:00:00 GMT-0500 (EST)
MAGIC!,1,Thu Jan 01 2015 00:00:00 GMT-0500 (EST)
One Direction,2,Thu Jan 01 2015 00:00:00 GMT-0500 (EST)
Iggy Azalea Featuring Rita Ora,1,Thu Jan 01 2015 00:00:00 GMT-0500 (EST)
Fifth Harmony,1,Thu Jan 01 2015 00:00:00 GMT-0500 (EST)
Calvin Harris Featuring John Newman,1,Thu Jan 01 2015 00:00:00 GMT-0500 (EST)
Blake Shelton Featuring Ashley Monroe,1,Thu Jan 01 2015 00:00:00 GMT-0500 (EST)
Prince Royce Featuring Snoop Dogg,1,Thu Jan 01 2015 00:00:00 GMT-0500 (EST)
Sam Hunt,1,Thu Jan 01 2015 00:00:00 GMT-0500 (EST)
Rihanna & Kanye West & Paul McCartney,1,Thu Jan 01 2015 00:00:00 GMT-0500 (EST)
Thomas Rhett,1,Thu Jan 01 2015 00:00:00 GMT-0500 (EST)
Calvin Harris Featuring Ellie Goulding,1,Thu Jan 01 2015 00:00:00 GMT-0500 (EST)
DeJ Loaf,1,Thu Jan 01 2015 00:00:00 GMT-0500 (EST)
Nicki Minaj Featuring Beyonce,1,Thu Jan 01 2015 00:00:00 GMT-0500 (EST)
Lee Brice,1,Thu Jan 01 2015 00:00:00 GMT-0500 (EST)
Jason Aldean,1,Thu Jan 01 2015 00:00:00 GMT-0500 (EST)
Tim McGraw,1,Thu Jan 01 2015 00:00:00 GMT-0500 (EST)
Imagine Dragons,1,Thu Jan 01 2015 00:00:00 GMT-0500 (EST)
WALK THE MOON,1,Thu Jan 01 2015 00:00:00 GMT-0500 (EST)
Chris Brown & Tyga,1,Thu Jan 01 2015 00:00:00 GMT-0500 (EST)
Brett Eldredge,1,Thu Jan 01 2015 00:00:00 GMT-0500 (EST)
Kelly Clarkson,1,Thu Jan 01 2015 00:00:00 GMT-0500 (EST)
Randy Houser,1,Thu Jan 01 2015 00:00:00 GMT-0500 (EST)
Kenny Chesney,1,Thu Jan 01 2015 00:00:00 GMT-0500 (EST)
J. Cole,1,Thu Jan 01 2015 00:00:00 GMT-0500 (EST)
Nicki Minaj Featuring Drake & Lil Wayne,1,Thu Jan 01 2015 00:00:00 GMT-0500 (EST)
Iggy Azalea Featuring M0,1,Thu Jan 01 2015 00:00:00 GMT-0500 (EST)
Rae Sremmurd Featuring Nicki Minaj & Young Thug,1,Thu Jan 01 2015 00:00:00 GMT-0500 (EST)
Chris Young,1,Thu Jan 01 2015 00:00:00 GMT-0500 (EST)
RaeLynn,1,Thu Jan 01 2015 00:00:00 GMT-0500 (EST)
Hoodie Allen Featuring Ed Sheeran,1,Thu Jan 01 2015 00:00:00 GMT-0500 (EST)
Cole Swindell,1,Thu Jan 01 2015 00:00:00 GMT-0500 (EST)
Brad Paisley,1,Thu Jan 01 2015 00:00:00 GMT-0500 (EST)
Fergie,1,Thu Jan 01 2015 00:00:00 GMT-0500 (EST)
Darius Rucker,1,Thu Jan 01 2015 00:00:00 GMT-0500 (EST)
Zac Brown Band,1,Thu Jan 01 2015 00:00:00 GMT-0500 (EST)
Fifth Harmony Featuring Kid Ink,1,Thu Jan 01 2015 00:00:00 GMT-0500 (EST)
Chase Bryant,1,Thu Jan 01 2015 00:00:00 GMT-0500 (EST)
Fetty Wap,1,Thu Jan 01 2015 00:00:00 GMT-0500 (EST)
Kid Ink Featuring Usher & Tinashe,1,Thu Jan 01 2015 00:00:00 GMT-0500 (EST)
Sheppard,1,Thu Jan 01 2015 00:00:00 GMT-0500 (EST)
Omarion Featuring Chris Brown & Jhene Aiko,1,Thu Jan 01 2015 00:00:00 GMT-0500 (EST)
Dierks Bentley,1,Thu Jan 01 2015 00:00:00 GMT-0500 (EST)
B.o.B Featuring Trey Songz,1,Thu Jan 01 2015 00:00:00 GMT-0500 (EST)
Jake Owen,1,Thu Jan 01 2015 00:00:00 GMT-0500 (EST)
Wale Featuring Jeremih,1,Thu Jan 01 2015 00:00:00 GMT-0500 (EST)
Natalie La Rose Featuring Jeremih,1,Thu Jan 01 2015 00:00:00 GMT-0500 (EST)
Becky G,1,Thu Jan 01 2015 00:00:00 GMT-0500 (EST)
David Guetta Featuring Sam Martin,1,Thu Jan 01 2015 00:00:00 GMT-0500 (EST)
Tyler Farr,1,Thu Jan 01 2015 00:00:00 GMT-0500 (EST)
Trey Songz,1,Thu Jan 01 2015 00:00:00 GMT-0500 (EST)
Beyonce Featuring Nicki Minaj Or Chimamanda Ngozi Adichie,1,Thu Jan 01 2015 00:00:00 GMT-0500 (EST)
Beyonce,1,Thu Jan 01 2015 00:00:00 GMT-0500 (EST)
Ed Sheeran,7,Sun Feb 01 2015 00:00:00 GMT-0500 (EST)
Luke Bryan,4,Sun Feb 01 2015 00:00:00 GMT-0500 (EST)
Mark Ronson Featuring Bruno Mars,4,Sun Feb 01 2015 00:00:00 GMT-0500 (EST)
Hozier,4,Sun Feb 01 2015 00:00:00 GMT-0500 (EST)
Taylor Swift,13,Sun Feb 01 2015 00:00:00 GMT-0500 (EST)
Maroon 5,8,Sun Feb 01 2015 00:00:00 GMT-0500 (EST)
Meghan Trainor,8,Sun Feb 01 2015 00:00:00 GMT-0500 (EST)
Sam Smith,11,Sun Feb 01 2015 00:00:00 GMT-0500 (EST)
Nick Jonas,8,Sun Feb 01 2015 00:00:00 GMT-0500 (EST)
Fall Out Boy,5,Sun Feb 01 2015 00:00:00 GMT-0500 (EST)
Pitbull & Ne-Yo,4,Sun Feb 01 2015 00:00:00 GMT-0500 (EST)
Usher Featuring Juicy J,4,Sun Feb 01 2015 00:00:00 GMT-0500 (EST)
Ellie Goulding,4,Sun Feb 01 2015 00:00:00 GMT-0500 (EST)
Rihanna & Kanye West & Paul McCartney,4,Sun Feb 01 2015 00:00:00 GMT-0500 (EST)
Ariana Grande & The Weeknd,4,Sun Feb 01 2015 00:00:00 GMT-0500 (EST)
Nicki Minaj Featuring Drake Lil Wayne & Chris Brown,4,Sun Feb 01 2015 00:00:00 GMT-0500 (EST)
Big Sean Featuring E-40,4,Sun Feb 01 2015 00:00:00 GMT-0500 (EST)
Selena Gomez,4,Sun Feb 01 2015 00:00:00 GMT-0500 (EST)
O.T. Genasis,4,Sun Feb 01 2015 00:00:00 GMT-0500 (EST)
Beyonce,4,Sun Feb 01 2015 00:00:00 GMT-0500 (EST)
Rae Sremmurd,4,Sun Feb 01 2015 00:00:00 GMT-0500 (EST)
Ne-Yo Featuring Juicy J,4,Sun Feb 01 2015 00:00:00 GMT-0500 (EST)
Ella Henderson,4,Sun Feb 01 2015 00:00:00 GMT-0500 (EST)
Nicki Minaj Featuring Drake & Lil Wayne,4,Sun Feb 01 2015 00:00:00 GMT-0500 (EST)
James Newton Howard Featuring Jennifer Lawrence,4,Sun Feb 01 2015 00:00:00 GMT-0500 (EST)
I LOVE MAKONNEN Featuring Drake,4,Sun Feb 01 2015 00:00:00 GMT-0500 (EST)
Flo Rida Featuring Sage The Gemini & Lookas,4,Sun Feb 01 2015 00:00:00 GMT-0500 (EST)
Vance Joy,4,Sun Feb 01 2015 00:00:00 GMT-0500 (EST)
Lillywood & Robin Schulz,4,Sun Feb 01 2015 00:00:00 GMT-0500 (EST)
Tove Lo,8,Sun Feb 01 2015 00:00:00 GMT-0500 (EST)
Jessie J Ariana Grande & Nicki Minaj,4,Sun Feb 01 2015 00:00:00 GMT-0500 (EST)
Sia,8,Sun Feb 01 2015 00:00:00 GMT-0500 (EST)
The Weeknd,9,Sun Feb 01 2015 00:00:00 GMT-0500 (EST)
Mr. Probz,2,Sun Feb 01 2015 00:00:00 GMT-0500 (EST)
Alesso Featuring Tove Lo,3,Sun Feb 01 2015 00:00:00 GMT-0500 (EST)
Prince Royce Featuring Snoop Dogg,4,Sun Feb 01 2015 00:00:00 GMT-0500 (EST)
MAGIC!,1,Sun Feb 01 2015 00:00:00 GMT-0500 (EST)
OneRepublic,4,Sun Feb 01 2015 00:00:00 GMT-0500 (EST)
Eric Church,4,Sun Feb 01 2015 00:00:00 GMT-0500 (EST)
Florida Georgia Line,4,Sun Feb 01 2015 00:00:00 GMT-0500 (EST)
Blake Shelton Featuring Ashley Monroe,4,Sun Feb 01 2015 00:00:00 GMT-0500 (EST)
Sam Hunt,4,Sun Feb 01 2015 00:00:00 GMT-0500 (EST)
Calvin Harris Featuring Ellie Goulding,4,Sun Feb 01 2015 00:00:00 GMT-0500 (EST)
One Direction,5,Sun Feb 01 2015 00:00:00 GMT-0500 (EST)
Thomas Rhett,4,Sun Feb 01 2015 00:00:00 GMT-0500 (EST)
Fifth Harmony,4,Sun Feb 01 2015 00:00:00 GMT-0500 (EST)
Imagine Dragons,7,Sun Feb 01 2015 00:00:00 GMT-0500 (EST)
Carrie Underwood,3,Sun Feb 01 2015 00:00:00 GMT-0500 (EST)
Kelly Clarkson,4,Sun Feb 01 2015 00:00:00 GMT-0500 (EST)
Chris Brown & Tyga,4,Sun Feb 01 2015 00:00:00 GMT-0500 (EST)
Nicki Minaj Featuring Beyonce,4,Sun Feb 01 2015 00:00:00 GMT-0500 (EST)
Jason Aldean,4,Sun Feb 01 2015 00:00:00 GMT-0500 (EST)
DeJ Loaf,4,Sun Feb 01 2015 00:00:00 GMT-0500 (EST)
Lee Brice,4,Sun Feb 01 2015 00:00:00 GMT-0500 (EST)
Randy Houser,4,Sun Feb 01 2015 00:00:00 GMT-0500 (EST)
WALK THE MOON,4,Sun Feb 01 2015 00:00:00 GMT-0500 (EST)
J. Cole,4,Sun Feb 01 2015 00:00:00 GMT-0500 (EST)
Brett Eldredge,4,Sun Feb 01 2015 00:00:00 GMT-0500 (EST)
Rae Sremmurd Featuring Nicki Minaj & Young Thug,4,Sun Feb 01 2015 00:00:00 GMT-0500 (EST)
Kanye West Featuring Paul McCartney,4,Sun Feb 01 2015 00:00:00 GMT-0500 (EST)
Cole Swindell,4,Sun Feb 01 2015 00:00:00 GMT-0500 (EST)
Chris Young,4,Sun Feb 01 2015 00:00:00 GMT-0500 (EST)
Hoodie Allen Featuring Ed Sheeran,1,Sun Feb 01 2015 00:00:00 GMT-0500 (EST)
Fetty Wap,4,Sun Feb 01 2015 00:00:00 GMT-0500 (EST)
Zac Brown Band,4,Sun Feb 01 2015 00:00:00 GMT-0500 (EST)
Tim McGraw,3,Sun Feb 01 2015 00:00:00 GMT-0500 (EST)
Natalie La Rose Featuring Jeremih,4,Sun Feb 01 2015 00:00:00 GMT-0500 (EST)
Darius Rucker,4,Sun Feb 01 2015 00:00:00 GMT-0500 (EST)
RaeLynn,2,Sun Feb 01 2015 00:00:00 GMT-0500 (EST)
Sheppard,4,Sun Feb 01 2015 00:00:00 GMT-0500 (EST)
Omarion Featuring Chris Brown & Jhene Aiko,4,Sun Feb 01 2015 00:00:00 GMT-0500 (EST)
George Ezra,4,Sun Feb 01 2015 00:00:00 GMT-0500 (EST)
Chase Bryant,4,Sun Feb 01 2015 00:00:00 GMT-0500 (EST)
Iggy Azalea Featuring M0,2,Sun Feb 01 2015 00:00:00 GMT-0500 (EST)
Fergie,2,Sun Feb 01 2015 00:00:00 GMT-0500 (EST)
Dierks Bentley,4,Sun Feb 01 2015 00:00:00 GMT-0500 (EST)
Kenny Chesney,1,Sun Feb 01 2015 00:00:00 GMT-0500 (EST)
David Guetta Featuring Sam Martin,1,Sun Feb 01 2015 00:00:00 GMT-0500 (EST)
Becky G,1,Sun Feb 01 2015 00:00:00 GMT-0500 (EST)
Jake Owen,4,Sun Feb 01 2015 00:00:00 GMT-0500 (EST)
Wale Featuring Jeremih,4,Sun Feb 01 2015 00:00:00 GMT-0500 (EST)
Tyler Farr,4,Sun Feb 01 2015 00:00:00 GMT-0500 (EST)
Brad Paisley,1,Sun Feb 01 2015 00:00:00 GMT-0500 (EST)
Kid Ink Featuring Usher & Tinashe,2,Sun Feb 01 2015 00:00:00 GMT-0500 (EST)
Ciara,1,Sun Feb 01 2015 00:00:00 GMT-0500 (EST)
B.o.B Featuring Trey Songz,4,Sun Feb 01 2015 00:00:00 GMT-0500 (EST)
G-Eazy Featuring Remo,2,Sun Feb 01 2015 00:00:00 GMT-0500 (EST)
Beyonce Featuring Nicki Minaj Or Chimamanda Ngozi Adichie,2,Sun Feb 01 2015 00:00:00 GMT-0500 (EST)
Missy "Misdemeanor" Elliott,2,Sun Feb 01 2015 00:00:00 GMT-0500 (EST)
Big Sean Featuring Drake,3,Sun Feb 01 2015 00:00:00 GMT-0500 (EST)
Fifth Harmony Featuring Kid Ink,1,Sun Feb 01 2015 00:00:00 GMT-0500 (EST)
Shawn Mendes,1,Sun Feb 01 2015 00:00:00 GMT-0500 (EST)
Kid Ink Featuring Chris Brown,1,Sun Feb 01 2015 00:00:00 GMT-0500 (EST)
A-Trak + Milo & Otis Featuring Rich Kidz,1,Sun Feb 01 2015 00:00:00 GMT-0500 (EST)
Little Big Town,1,Sun Feb 01 2015 00:00:00 GMT-0500 (EST)
Andy Grammer,1,Sun Feb 01 2015 00:00:00 GMT-0500 (EST)
Drake,11,Sun Feb 01 2015 00:00:00 GMT-0500 (EST)
Miranda Lambert,2,Sun Feb 01 2015 00:00:00 GMT-0500 (EST)
Ariana Grande,2,Sun Feb 01 2015 00:00:00 GMT-0500 (EST)
Drake Featuring PARTYNEXTDOOR,2,Sun Feb 01 2015 00:00:00 GMT-0500 (EST)
Drake Featuring Lil Wayne,2,Sun Feb 01 2015 00:00:00 GMT-0500 (EST)
Annie Lennox,1,Sun Feb 01 2015 00:00:00 GMT-0500 (EST)
Empire Cast Featuring Jussie Smollett,1,Sun Feb 01 2015 00:00:00 GMT-0500 (EST)
Florence + The Machine,2,Sun Feb 01 2015 00:00:00 GMT-0500 (EST)
Trey Songz,1,Sun Feb 01 2015 00:00:00 GMT-0500 (EST)
Common & John Legend,1,Sun Feb 01 2015 00:00:00 GMT-0500 (EST)
Wiz Khalifa & Iggy Azalea,1,Sun Feb 01 2015 00:00:00 GMT-0500 (EST)
Mark Ronson Featuring Bruno Mars,4,Sun Mar 01 2015 00:00:00 GMT-0500 (EST)
Ed Sheeran,4,Sun Mar 01 2015 00:00:00 GMT-0500 (EST)
Maroon 5,8,Sun Mar 01 2015 00:00:00 GMT-0500 (EST)
Ellie Goulding,4,Sun Mar 01 2015 00:00:00 GMT-0500 (EST)
Rihanna & Kanye West & Paul McCartney,4,Sun Mar 01 2015 00:00:00 GMT-0500 (EST)
Hozier,4,Sun Mar 01 2015 00:00:00 GMT-0500 (EST)
Taylor Swift,14,Sun Mar 01 2015 00:00:00 GMT-0500 (EST)
The Weeknd,5,Sun Mar 01 2015 00:00:00 GMT-0500 (EST)
Pitbull & Ne-Yo,4,Sun Mar 01 2015 00:00:00 GMT-0500 (EST)
Meghan Trainor,9,Sun Mar 01 2015 00:00:00 GMT-0500 (EST)
Usher Featuring Juicy J,4,Sun Mar 01 2015 00:00:00 GMT-0500 (EST)
Sam Smith,12,Sun Mar 01 2015 00:00:00 GMT-0500 (EST)
Nicki Minaj Featuring Drake & Lil Wayne,4,Sun Mar 01 2015 00:00:00 GMT-0500 (EST)
Fall Out Boy,8,Sun Mar 01 2015 00:00:00 GMT-0500 (EST)
Fetty Wap,4,Sun Mar 01 2015 00:00:00 GMT-0500 (EST)
Zedd Featuring Selena Gomez,4,Sun Mar 01 2015 00:00:00 GMT-0500 (EST)
Nicki Minaj Featuring Drake Lil Wayne & Chris Brown,4,Sun Mar 01 2015 00:00:00 GMT-0500 (EST)
Ne-Yo Featuring Juicy J,4,Sun Mar 01 2015 00:00:00 GMT-0500 (EST)
Nick Jonas,8,Sun Mar 01 2015 00:00:00 GMT-0500 (EST)
Big Sean Featuring E-40,4,Sun Mar 01 2015 00:00:00 GMT-0500 (EST)
Flo Rida Featuring Sage The Gemini & Lookas,4,Sun Mar 01 2015 00:00:00 GMT-0500 (EST)
Natalie La Rose Featuring Jeremih,4,Sun Mar 01 2015 00:00:00 GMT-0500 (EST)
Chris Brown & Tyga,4,Sun Mar 01 2015 00:00:00 GMT-0500 (EST)
Lillywood & Robin Schulz,4,Sun Mar 01 2015 00:00:00 GMT-0500 (EST)
Ella Henderson,3,Sun Mar 01 2015 00:00:00 GMT-0500 (EST)
Ariana Grande,4,Sun Mar 01 2015 00:00:00 GMT-0500 (EST)
Beyonce,4,Sun Mar 01 2015 00:00:00 GMT-0500 (EST)
Sam Hunt,4,Sun Mar 01 2015 00:00:00 GMT-0500 (EST)
Vance Joy,4,Sun Mar 01 2015 00:00:00 GMT-0500 (EST)
Prince Royce Featuring Snoop Dogg,1,Sun Mar 01 2015 00:00:00 GMT-0500 (EST)
Big Sean Featuring Drake,4,Sun Mar 01 2015 00:00:00 GMT-0500 (EST)
Kelly Clarkson,4,Sun Mar 01 2015 00:00:00 GMT-0500 (EST)
Sia,8,Sun Mar 01 2015 00:00:00 GMT-0500 (EST)
Rae Sremmurd,4,Sun Mar 01 2015 00:00:00 GMT-0500 (EST)
Drake,17,Sun Mar 01 2015 00:00:00 GMT-0500 (EST)
Ariana Grande & The Weeknd,2,Sun Mar 01 2015 00:00:00 GMT-0500 (EST)
Calvin Harris Featuring Ellie Goulding,4,Sun Mar 01 2015 00:00:00 GMT-0500 (EST)
WALK THE MOON,4,Sun Mar 01 2015 00:00:00 GMT-0500 (EST)
O.T. Genasis,4,Sun Mar 01 2015 00:00:00 GMT-0500 (EST)
Omarion Featuring Chris Brown & Jhene Aiko,4,Sun Mar 01 2015 00:00:00 GMT-0500 (EST)
Imagine Dragons,4,Sun Mar 01 2015 00:00:00 GMT-0500 (EST)
Blake Shelton Featuring Ashley Monroe,4,Sun Mar 01 2015 00:00:00 GMT-0500 (EST)
Common & John Legend,1,Sun Mar 01 2015 00:00:00 GMT-0500 (EST)
Jessie J Ariana Grande & Nicki Minaj,1,Sun Mar 01 2015 00:00:00 GMT-0500 (EST)
Thomas Rhett,4,Sun Mar 01 2015 00:00:00 GMT-0500 (EST)
One Direction,4,Sun Mar 01 2015 00:00:00 GMT-0500 (EST)
Cole Swindell,4,Sun Mar 01 2015 00:00:00 GMT-0500 (EST)
Jason Aldean,4,Sun Mar 01 2015 00:00:00 GMT-0500 (EST)
Brett Eldredge,4,Sun Mar 01 2015 00:00:00 GMT-0500 (EST)
Tove Lo,4,Sun Mar 01 2015 00:00:00 GMT-0500 (EST)
Zac Brown Band,4,Sun Mar 01 2015 00:00:00 GMT-0500 (EST)
J. Cole,4,Sun Mar 01 2015 00:00:00 GMT-0500 (EST)
Lee Brice,1,Sun Mar 01 2015 00:00:00 GMT-0500 (EST)
Selena Gomez,4,Sun Mar 01 2015 00:00:00 GMT-0500 (EST)
Nicki Minaj Featuring Beyonce,4,Sun Mar 01 2015 00:00:00 GMT-0500 (EST)
Chris Young,4,Sun Mar 01 2015 00:00:00 GMT-0500 (EST)
Randy Houser,2,Sun Mar 01 2015 00:00:00 GMT-0500 (EST)
Kid Rock,1,Sun Mar 01 2015 00:00:00 GMT-0500 (EST)
Luke Bryan,5,Sun Mar 01 2015 00:00:00 GMT-0500 (EST)
Florida Georgia Line,3,Sun Mar 01 2015 00:00:00 GMT-0500 (EST)
Darius Rucker,4,Sun Mar 01 2015 00:00:00 GMT-0500 (EST)
Empire Cast Featuring Jussie Smollett & Yazz,4,Sun Mar 01 2015 00:00:00 GMT-0500 (EST)
Rae Sremmurd Featuring Nicki Minaj & Young Thug,4,Sun Mar 01 2015 00:00:00 GMT-0500 (EST)
OneRepublic,4,Sun Mar 01 2015 00:00:00 GMT-0500 (EST)
Dierks Bentley,4,Sun Mar 01 2015 00:00:00 GMT-0500 (EST)
Trey Songz,4,Sun Mar 01 2015 00:00:00 GMT-0500 (EST)
Sheppard,4,Sun Mar 01 2015 00:00:00 GMT-0500 (EST)
Big Sean Featuring Kanye West,1,Sun Mar 01 2015 00:00:00 GMT-0500 (EST)
James Newton Howard Featuring Jennifer Lawrence,4,Sun Mar 01 2015 00:00:00 GMT-0500 (EST)
Tyler Farr,4,Sun Mar 01 2015 00:00:00 GMT-0500 (EST)
Little Big Town,4,Sun Mar 01 2015 00:00:00 GMT-0500 (EST)
George Ezra,4,Sun Mar 01 2015 00:00:00 GMT-0500 (EST)
Eric Church,2,Sun Mar 01 2015 00:00:00 GMT-0500 (EST)
Miranda Lambert,4,Sun Mar 01 2015 00:00:00 GMT-0500 (EST)
Tori Kelly,4,Sun Mar 01 2015 00:00:00 GMT-0500 (EST)
A Thousand Horses,4,Sun Mar 01 2015 00:00:00 GMT-0500 (EST)
Fifth Harmony,2,Sun Mar 01 2015 00:00:00 GMT-0500 (EST)
Kanye West Featuring Paul McCartney,1,Sun Mar 01 2015 00:00:00 GMT-0500 (EST)
Keith Urban Featuring Eric Church,4,Sun Mar 01 2015 00:00:00 GMT-0500 (EST)
Jake Owen,3,Sun Mar 01 2015 00:00:00 GMT-0500 (EST)
B.o.B Featuring Trey Songz,2,Sun Mar 01 2015 00:00:00 GMT-0500 (EST)
DeJ Loaf,2,Sun Mar 01 2015 00:00:00 GMT-0500 (EST)
Big Sean Featuring Kanye West & John Legend,1,Sun Mar 01 2015 00:00:00 GMT-0500 (EST)
Silento,4,Sun Mar 01 2015 00:00:00 GMT-0500 (EST)
Big Sean,1,Sun Mar 01 2015 00:00:00 GMT-0500 (EST)
Kanye West Featuring Theophilus London Allan Kingdom & Paul McCartney,3,Sun Mar 01 2015 00:00:00 GMT-0500 (EST)
Empire Cast Featuring Estelle & Jussie Smollett,2,Sun Mar 01 2015 00:00:00 GMT-0500 (EST)
Carly Rae Jepsen,3,Sun Mar 01 2015 00:00:00 GMT-0500 (EST)
Andy Grammer,3,Sun Mar 01 2015 00:00:00 GMT-0500 (EST)
Billy Currington,3,Sun Mar 01 2015 00:00:00 GMT-0500 (EST)
Fifth Harmony Featuring Kid Ink,3,Sun Mar 01 2015 00:00:00 GMT-0500 (EST)
Cashmere Cat Featuring Ariana Grande,1,Sun Mar 01 2015 00:00:00 GMT-0500 (EST)
Eric Paslay,3,Sun Mar 01 2015 00:00:00 GMT-0500 (EST)
Ciara,3,Sun Mar 01 2015 00:00:00 GMT-0500 (EST)
Meek Mill,1,Sun Mar 01 2015 00:00:00 GMT-0500 (EST)
Skrillex & Diplo Featuring Justin Bieber,3,Sun Mar 01 2015 00:00:00 GMT-0500 (EST)
Mumford & Sons,2,Sun Mar 01 2015 00:00:00 GMT-0500 (EST)
Jason Derulo,2,Sun Mar 01 2015 00:00:00 GMT-0500 (EST)
Jessie J,1,Sun Mar 01 2015 00:00:00 GMT-0500 (EST)
LunchMoney Lewis,2,Sun Mar 01 2015 00:00:00 GMT-0500 (EST)
Echosmith,1,Sun Mar 01 2015 00:00:00 GMT-0500 (EST)
Kenny Chesney With Grace Potter,1,Sun Mar 01 2015 00:00:00 GMT-0500 (EST)
Tim McGraw With Catherine Dunn,1,Sun Mar 01 2015 00:00:00 GMT-0500 (EST)
Carrie Underwood,1,Sun Mar 01 2015 00:00:00 GMT-0500 (EST)
Wiz Khalifa Featuring Charlie Puth,2,Sun Mar 01 2015 00:00:00 GMT-0500 (EST)
Kendrick Lamar,3,Sun Mar 01 2015 00:00:00 GMT-0500 (EST)
Twenty One Pilots,1,Sun Mar 01 2015 00:00:00 GMT-0500 (EST)
Kendrick Lamar Featuring George Clinton & Thundercat,1,Sun Mar 01 2015 00:00:00 GMT-0500 (EST)
Kendrick Lamar Featuring Bilal. Anna Wise & Thundercat,1,Sun Mar 01 2015 00:00:00 GMT-0500 (EST)
Kendrick Lamar Featuring Bilal Anna Wise & Snoop Dogg,1,Sun Mar 01 2015 00:00:00 GMT-0500 (EST)
Beyonce,3,Wed Apr 01 2015 00:00:00 GMT-0400 (EDT)
Flo Rida Featuring Sage The Gemini & Lookas,4,Wed Apr 01 2015 00:00:00 GMT-0400 (EDT)
Blake Shelton Featuring Ashley Monroe,1,Wed Apr 01 2015 00:00:00 GMT-0400 (EDT)
David Guetta Featuring Nicki Minaj & Afrojack,4,Wed Apr 01 2015 00:00:00 GMT-0400 (EDT)
O.T. Genasis,2,Wed Apr 01 2015 00:00:00 GMT-0400 (EDT)
Mark Ronson Featuring Bruno Mars,4,Wed Apr 01 2015 00:00:00 GMT-0400 (EDT)
Maroon 5,6,Wed Apr 01 2015 00:00:00 GMT-0400 (EDT)
Ed Sheeran,4,Wed Apr 01 2015 00:00:00 GMT-0400 (EDT)
Ellie Goulding,4,Wed Apr 01 2015 00:00:00 GMT-0400 (EDT)
The Weeknd,4,Wed Apr 01 2015 00:00:00 GMT-0400 (EDT)
Fetty Wap,4,Wed Apr 01 2015 00:00:00 GMT-0400 (EDT)
Taylor Swift,12,Wed Apr 01 2015 00:00:00 GMT-0400 (EDT)
Rihanna & Kanye West & Paul McCartney,4,Wed Apr 01 2015 00:00:00 GMT-0400 (EDT)
Natalie La Rose Featuring Jeremih,4,Wed Apr 01 2015 00:00:00 GMT-0400 (EDT)
Pitbull & Ne-Yo,4,Wed Apr 01 2015 00:00:00 GMT-0400 (EDT)
WALK THE MOON,4,Wed Apr 01 2015 00:00:00 GMT-0400 (EDT)
Hozier,4,Wed Apr 01 2015 00:00:00 GMT-0400 (EDT)
Nicki Minaj Featuring Drake & Lil Wayne,4,Wed Apr 01 2015 00:00:00 GMT-0400 (EDT)
Ariana Grande,4,Wed Apr 01 2015 00:00:00 GMT-0400 (EDT)
Jason Derulo,4,Wed Apr 01 2015 00:00:00 GMT-0400 (EDT)
Sam Smith,12,Wed Apr 01 2015 00:00:00 GMT-0400 (EDT)
Nick Jonas,8,Wed Apr 01 2015 00:00:00 GMT-0400 (EDT)
Sam Hunt,4,Wed Apr 01 2015 00:00:00 GMT-0400 (EDT)
Chris Brown & Tyga,4,Wed Apr 01 2015 00:00:00 GMT-0400 (EDT)
Omarion Featuring Chris Brown & Jhene Aiko,4,Wed Apr 01 2015 00:00:00 GMT-0400 (EDT)
Rihanna,5,Wed Apr 01 2015 00:00:00 GMT-0400 (EDT)
Meghan Trainor,12,Wed Apr 01 2015 00:00:00 GMT-0400 (EDT)
Zedd Featuring Selena Gomez,4,Wed Apr 01 2015 00:00:00 GMT-0400 (EDT)
Usher Featuring Juicy J,4,Wed Apr 01 2015 00:00:00 GMT-0400 (EDT)
Calvin Harris Featuring Ellie Goulding,4,Wed Apr 01 2015 00:00:00 GMT-0400 (EDT)
Big Sean Featuring Drake,4,Wed Apr 01 2015 00:00:00 GMT-0400 (EDT)
Kelly Clarkson,4,Wed Apr 01 2015 00:00:00 GMT-0400 (EDT)
Rae Sremmurd Featuring Nicki Minaj & Young Thug,4,Wed Apr 01 2015 00:00:00 GMT-0400 (EDT)
Fall Out Boy,7,Wed Apr 01 2015 00:00:00 GMT-0400 (EDT)
Nicki Minaj Featuring Drake Lil Wayne & Chris Brown,4,Wed Apr 01 2015 00:00:00 GMT-0400 (EDT)
Zac Brown Band,4,Wed Apr 01 2015 00:00:00 GMT-0400 (EDT)
Tove Lo,4,Wed Apr 01 2015 00:00:00 GMT-0400 (EDT)
Vance Joy,4,Wed Apr 01 2015 00:00:00 GMT-0400 (EDT)
Big Sean Featuring E-40,3,Wed Apr 01 2015 00:00:00 GMT-0400 (EDT)
One Direction,2,Wed Apr 01 2015 00:00:00 GMT-0400 (EDT)
Little Big Town,4,Wed Apr 01 2015 00:00:00 GMT-0400 (EDT)
Ne-Yo Featuring Juicy J,2,Wed Apr 01 2015 00:00:00 GMT-0400 (EDT)
Sia,4,Wed Apr 01 2015 00:00:00 GMT-0400 (EDT)
George Ezra,4,Wed Apr 01 2015 00:00:00 GMT-0400 (EDT)
Cole Swindell,4,Wed Apr 01 2015 00:00:00 GMT-0400 (EDT)
Andy Grammer,4,Wed Apr 01 2015 00:00:00 GMT-0400 (EDT)
Trey Songz,4,Wed Apr 01 2015 00:00:00 GMT-0400 (EDT)
Chris Young,4,Wed Apr 01 2015 00:00:00 GMT-0400 (EDT)
Darius Rucker,3,Wed Apr 01 2015 00:00:00 GMT-0400 (EDT)
Imagine Dragons,2,Wed Apr 01 2015 00:00:00 GMT-0400 (EDT)
Lillywood & Robin Schulz,4,Wed Apr 01 2015 00:00:00 GMT-0400 (EDT)
Drake,16,Wed Apr 01 2015 00:00:00 GMT-0400 (EDT)
Fifth Harmony Featuring Kid Ink,4,Wed Apr 01 2015 00:00:00 GMT-0400 (EDT)
Sheppard,4,Wed Apr 01 2015 00:00:00 GMT-0400 (EDT)
Dierks Bentley,4,Wed Apr 01 2015 00:00:00 GMT-0400 (EDT)
Kanye West Featuring Theophilus London Allan Kingdom & Paul McCartney,4,Wed Apr 01 2015 00:00:00 GMT-0400 (EDT)
Silento,4,Wed Apr 01 2015 00:00:00 GMT-0400 (EDT)
Tyler Farr,4,Wed Apr 01 2015 00:00:00 GMT-0400 (EDT)
Nicky Jam & Enrique Iglesias,4,Wed Apr 01 2015 00:00:00 GMT-0400 (EDT)
Iggy Azalea Featuring Jennifer Hudson,4,Wed Apr 01 2015 00:00:00 GMT-0400 (EDT)
Tori Kelly,4,Wed Apr 01 2015 00:00:00 GMT-0400 (EDT)
Ciara,4,Wed Apr 01 2015 00:00:00 GMT-0400 (EDT)
A Thousand Horses,4,Wed Apr 01 2015 00:00:00 GMT-0400 (EDT)
Miranda Lambert,4,Wed Apr 01 2015 00:00:00 GMT-0400 (EDT)
Nicki Minaj Featuring Beyonce,4,Wed Apr 01 2015 00:00:00 GMT-0400 (EDT)
Billy Currington,4,Wed Apr 01 2015 00:00:00 GMT-0400 (EDT)
Keith Urban Featuring Eric Church,4,Wed Apr 01 2015 00:00:00 GMT-0400 (EDT)
Kendrick Lamar,4,Wed Apr 01 2015 00:00:00 GMT-0400 (EDT)
Mumford & Sons,4,Wed Apr 01 2015 00:00:00 GMT-0400 (EDT)
Breaking Benjamin,1,Wed Apr 01 2015 00:00:00 GMT-0400 (EDT)
Florida Georgia Line,4,Wed Apr 01 2015 00:00:00 GMT-0400 (EDT)
Skrillex & Diplo Featuring Justin Bieber,4,Wed Apr 01 2015 00:00:00 GMT-0400 (EDT)
J. Cole,2,Wed Apr 01 2015 00:00:00 GMT-0400 (EDT)
Wiz Khalifa Featuring Charlie Puth,4,Wed Apr 01 2015 00:00:00 GMT-0400 (EDT)
LunchMoney Lewis,4,Wed Apr 01 2015 00:00:00 GMT-0400 (EDT)
Eric Paslay,4,Wed Apr 01 2015 00:00:00 GMT-0400 (EDT)
Carly Rae Jepsen,4,Wed Apr 01 2015 00:00:00 GMT-0400 (EDT)
Carrie Underwood,4,Wed Apr 01 2015 00:00:00 GMT-0400 (EDT)
Action Bronson Featuring Chance The Rapper,1,Wed Apr 01 2015 00:00:00 GMT-0400 (EDT)
Tim McGraw With Catherine Dunn,4,Wed Apr 01 2015 00:00:00 GMT-0400 (EDT)
Echosmith,4,Wed Apr 01 2015 00:00:00 GMT-0400 (EDT)
Jason Aldean,1,Wed Apr 01 2015 00:00:00 GMT-0400 (EDT)
Thomas Rhett,2,Wed Apr 01 2015 00:00:00 GMT-0400 (EDT)
Canaan Smith,4,Wed Apr 01 2015 00:00:00 GMT-0400 (EDT)
Luke Bryan,2,Wed Apr 01 2015 00:00:00 GMT-0400 (EDT)
Kenny Chesney With Grace Potter,4,Wed Apr 01 2015 00:00:00 GMT-0400 (EDT)
DJ Snake & AlunaGeorge,4,Wed Apr 01 2015 00:00:00 GMT-0400 (EDT)
Eric Church,4,Wed Apr 01 2015 00:00:00 GMT-0400 (EDT)
Dillon Francis & DJ Snake,3,Wed Apr 01 2015 00:00:00 GMT-0400 (EDT)
Wale Featuring Usher,3,Wed Apr 01 2015 00:00:00 GMT-0400 (EDT)
Ludacris Featuring Miguel,2,Wed Apr 01 2015 00:00:00 GMT-0400 (EDT)
Kelsea Ballerini,3,Wed Apr 01 2015 00:00:00 GMT-0400 (EDT)
Future,3,Wed Apr 01 2015 00:00:00 GMT-0400 (EDT)
Kid Ink Tyga Wale YG & Rich Homie Quan,2,Wed Apr 01 2015 00:00:00 GMT-0400 (EDT)
twenty one pilots,1,Wed Apr 01 2015 00:00:00 GMT-0400 (EDT)
Wiz Khalifa & Iggy Azalea,1,Wed Apr 01 2015 00:00:00 GMT-0400 (EDT)
Who Is Fancy,1,Wed Apr 01 2015 00:00:00 GMT-0400 (EDT)
Easton Corbin,2,Wed Apr 01 2015 00:00:00 GMT-0400 (EDT)
Major Lazer X DJ Snake Featuring M0,2,Wed Apr 01 2015 00:00:00 GMT-0400 (EDT)
T-Wayne,1,Wed Apr 01 2015 00:00:00 GMT-0400 (EDT)
Lee Brice,1,Wed Apr 01 2015 00:00:00 GMT-0400 (EDT)
Rachel Platten,1,Wed Apr 01 2015 00:00:00 GMT-0400 (EDT)
Blake Shelton,1,Wed Apr 01 2015 00:00:00 GMT-0400 (EDT)
Kid Ink Featuring DeJ Loaf,1,Wed Apr 01 2015 00:00:00 GMT-0400 (EDT)
Sawyer Fredericks,1,Wed Apr 01 2015 00:00:00 GMT-0400 (EDT)
X Ambassadors,1,Wed Apr 01 2015 00:00:00 GMT-0400 (EDT)
Kimberly Nichole,1,Wed Apr 01 2015 00:00:00 GMT-0400 (EDT)
Fetty Wap,5,Fri May 01 2015 00:00:00 GMT-0400 (EDT)
The Weeknd,5,Fri May 01 2015 00:00:00 GMT-0400 (EDT)
Koryn Hawthorne,1,Fri May 01 2015 00:00:00 GMT-0400 (EDT)
Mumford & Sons,5,Fri May 01 2015 00:00:00 GMT-0400 (EDT)
Wiz Khalifa Featuring Charlie Puth,5,Fri May 01 2015 00:00:00 GMT-0400 (EDT)
Mark Ronson Featuring Bruno Mars,5,Fri May 01 2015 00:00:00 GMT-0400 (EDT)
Maroon 5,7,Fri May 01 2015 00:00:00 GMT-0400 (EDT)
Ellie Goulding,5,Fri May 01 2015 00:00:00 GMT-0400 (EDT)
WALK THE MOON,5,Fri May 01 2015 00:00:00 GMT-0400 (EDT)
Ed Sheeran,7,Fri May 01 2015 00:00:00 GMT-0400 (EDT)
Flo Rida Featuring Sage The Gemini & Lookas,5,Fri May 01 2015 00:00:00 GMT-0400 (EDT)
Jason Derulo,5,Fri May 01 2015 00:00:00 GMT-0400 (EDT)
Natalie La Rose Featuring Jeremih,5,Fri May 01 2015 00:00:00 GMT-0400 (EDT)
Taylor Swift,15,Fri May 01 2015 00:00:00 GMT-0400 (EDT)
Omarion Featuring Chris Brown & Jhene Aiko,5,Fri May 01 2015 00:00:00 GMT-0400 (EDT)
Ariana Grande,5,Fri May 01 2015 00:00:00 GMT-0400 (EDT)
Nick Jonas,5,Fri May 01 2015 00:00:00 GMT-0400 (EDT)
Tove Lo,5,Fri May 01 2015 00:00:00 GMT-0400 (EDT)
T-Wayne,5,Fri May 01 2015 00:00:00 GMT-0400 (EDT)
Little Big Town,5,Fri May 01 2015 00:00:00 GMT-0400 (EDT)
David Guetta Featuring Nicki Minaj & Afrojack,4,Fri May 01 2015 00:00:00 GMT-0400 (EDT)
Meghan Trainor,13,Fri May 01 2015 00:00:00 GMT-0400 (EDT)
Sam Smith,9,Fri May 01 2015 00:00:00 GMT-0400 (EDT)
Rihanna,8,Fri May 01 2015 00:00:00 GMT-0400 (EDT)
Sam Hunt,5,Fri May 01 2015 00:00:00 GMT-0400 (EDT)
Pitbull & Ne-Yo,5,Fri May 01 2015 00:00:00 GMT-0400 (EDT)
Nate Ruess,4,Fri May 01 2015 00:00:00 GMT-0400 (EDT)
Rihanna & Kanye West & Paul McCartney,5,Fri May 01 2015 00:00:00 GMT-0400 (EDT)
Nicki Minaj Featuring Drake & Lil Wayne,5,Fri May 01 2015 00:00:00 GMT-0400 (EDT)
Andy Grammer,5,Fri May 01 2015 00:00:00 GMT-0400 (EDT)
Big Sean Featuring Drake,5,Fri May 01 2015 00:00:00 GMT-0400 (EDT)
Rae Sremmurd Featuring Nicki Minaj & Young Thug,4,Fri May 01 2015 00:00:00 GMT-0400 (EDT)
Hozier,5,Fri May 01 2015 00:00:00 GMT-0400 (EDT)
Fifth Harmony Featuring Kid Ink,5,Fri May 01 2015 00:00:00 GMT-0400 (EDT)
Zedd Featuring Selena Gomez,5,Fri May 01 2015 00:00:00 GMT-0400 (EDT)
Trey Songz,5,Fri May 01 2015 00:00:00 GMT-0400 (EDT)
Chris Brown & Tyga,5,Fri May 01 2015 00:00:00 GMT-0400 (EDT)
Skrillex & Diplo Featuring Justin Bieber,5,Fri May 01 2015 00:00:00 GMT-0400 (EDT)
DJ Snake & AlunaGeorge,5,Fri May 01 2015 00:00:00 GMT-0400 (EDT)
Panic! At The Disco,1,Fri May 01 2015 00:00:00 GMT-0400 (EDT)
George Ezra,5,Fri May 01 2015 00:00:00 GMT-0400 (EDT)
Florida Georgia Line,5,Fri May 01 2015 00:00:00 GMT-0400 (EDT)
Silento,5,Fri May 01 2015 00:00:00 GMT-0400 (EDT)
Zac Brown Band,5,Fri May 01 2015 00:00:00 GMT-0400 (EDT)
Fall Out Boy,6,Fri May 01 2015 00:00:00 GMT-0400 (EDT)
Usher Featuring Juicy J,1,Fri May 01 2015 00:00:00 GMT-0400 (EDT)
Kelly Clarkson,5,Fri May 01 2015 00:00:00 GMT-0400 (EDT)
Vance Joy,1,Fri May 01 2015 00:00:00 GMT-0400 (EDT)
Sia,5,Fri May 01 2015 00:00:00 GMT-0400 (EDT)
Dierks Bentley,4,Fri May 01 2015 00:00:00 GMT-0400 (EDT)
Lee Brice,1,Fri May 01 2015 00:00:00 GMT-0400 (EDT)
Billy Currington,5,Fri May 01 2015 00:00:00 GMT-0400 (EDT)
Kanye West Featuring Theophilus London Allan Kingdom & Paul McCartney,5,Fri May 01 2015 00:00:00 GMT-0400 (EDT)
Tyler Farr,4,Fri May 01 2015 00:00:00 GMT-0400 (EDT)
Keith Urban Featuring Eric Church,5,Fri May 01 2015 00:00:00 GMT-0400 (EDT)
A Thousand Horses,5,Fri May 01 2015 00:00:00 GMT-0400 (EDT)
Sheppard,4,Fri May 01 2015 00:00:00 GMT-0400 (EDT)
Echosmith,5,Fri May 01 2015 00:00:00 GMT-0400 (EDT)
Drake,15,Fri May 01 2015 00:00:00 GMT-0400 (EDT)
Calvin Harris Featuring Ellie Goulding,1,Fri May 01 2015 00:00:00 GMT-0400 (EDT)
Ciara,5,Fri May 01 2015 00:00:00 GMT-0400 (EDT)
Blake Shelton,5,Fri May 01 2015 00:00:00 GMT-0400 (EDT)
Carly Rae Jepsen,5,Fri May 01 2015 00:00:00 GMT-0400 (EDT)
Kendrick Lamar,5,Fri May 01 2015 00:00:00 GMT-0400 (EDT)
Tori Kelly,3,Fri May 01 2015 00:00:00 GMT-0400 (EDT)
Miranda Lambert,1,Fri May 01 2015 00:00:00 GMT-0400 (EDT)
Cole Swindell,3,Fri May 01 2015 00:00:00 GMT-0400 (EDT)
Rachel Platten,5,Fri May 01 2015 00:00:00 GMT-0400 (EDT)
Major Lazer X DJ Snake Featuring M0,2,Fri May 01 2015 00:00:00 GMT-0400 (EDT)
Future,5,Fri May 01 2015 00:00:00 GMT-0400 (EDT)
Carrie Underwood,5,Fri May 01 2015 00:00:00 GMT-0400 (EDT)
Kenny Chesney With Grace Potter,5,Fri May 01 2015 00:00:00 GMT-0400 (EDT)
Dillon Francis & DJ Snake,5,Fri May 01 2015 00:00:00 GMT-0400 (EDT)
Tim McGraw With Catherine Dunn,5,Fri May 01 2015 00:00:00 GMT-0400 (EDT)
Wale Featuring Usher,5,Fri May 01 2015 00:00:00 GMT-0400 (EDT)
Kelsea Ballerini,5,Fri May 01 2015 00:00:00 GMT-0400 (EDT)
Bandit Gang Marco Featuring Dro,5,Fri May 01 2015 00:00:00 GMT-0400 (EDT)
Kid Ink Featuring DeJ Loaf,5,Fri May 01 2015 00:00:00 GMT-0400 (EDT)
Eric Paslay,5,Fri May 01 2015 00:00:00 GMT-0400 (EDT)
Canaan Smith,5,Fri May 01 2015 00:00:00 GMT-0400 (EDT)
Eric Church,5,Fri May 01 2015 00:00:00 GMT-0400 (EDT)
Easton Corbin,5,Fri May 01 2015 00:00:00 GMT-0400 (EDT)
J. Cole,5,Fri May 01 2015 00:00:00 GMT-0400 (EDT)
Nicky Jam & Enrique Iglesias,5,Fri May 01 2015 00:00:00 GMT-0400 (EDT)
X Ambassadors,5,Fri May 01 2015 00:00:00 GMT-0400 (EDT)
OMI,5,Fri May 01 2015 00:00:00 GMT-0400 (EDT)
Rich Homie Quan,5,Fri May 01 2015 00:00:00 GMT-0400 (EDT)
Iggy Azalea Featuring Jennifer Hudson,1,Fri May 01 2015 00:00:00 GMT-0400 (EDT)
Kevin Gates Featuring August Alsina,5,Fri May 01 2015 00:00:00 GMT-0400 (EDT)
Sawyer Fredericks,6,Fri May 01 2015 00:00:00 GMT-0400 (EDT)
Kid Ink Tyga Wale YG & Rich Homie Quan,1,Fri May 01 2015 00:00:00 GMT-0400 (EDT)
Mariah Carey,1,Fri May 01 2015 00:00:00 GMT-0400 (EDT)
twenty one pilots,2,Fri May 01 2015 00:00:00 GMT-0400 (EDT)
Chedda Da Connect,2,Fri May 01 2015 00:00:00 GMT-0400 (EDT)
Jason Aldean,4,Fri May 01 2015 00:00:00 GMT-0400 (EDT)
Brantley Gilbert,4,Fri May 01 2015 00:00:00 GMT-0400 (EDT)
Brad Paisley,4,Fri May 01 2015 00:00:00 GMT-0400 (EDT)
Luke Bryan,5,Fri May 01 2015 00:00:00 GMT-0400 (EDT)
Nicki Minaj Featuring Beyonce,2,Fri May 01 2015 00:00:00 GMT-0400 (EDT)
Britney Spears & Iggy Azalea,3,Fri May 01 2015 00:00:00 GMT-0400 (EDT)
Major Lazer & DJ Snake Featuring M0,3,Fri May 01 2015 00:00:00 GMT-0400 (EDT)
Miguel,1,Fri May 01 2015 00:00:00 GMT-0400 (EDT)
Shaggy Featuring Mohombi Faydee Costi,3,Fri May 01 2015 00:00:00 GMT-0400 (EDT)
Jidenna Featuring Roman GianArthur,3,Fri May 01 2015 00:00:00 GMT-0400 (EDT)
Nicki Minaj,3,Fri May 01 2015 00:00:00 GMT-0400 (EDT)
Taylor Swift Featuring Kendrick Lamar,2,Fri May 01 2015 00:00:00 GMT-0400 (EDT)
Chris Young,1,Fri May 01 2015 00:00:00 GMT-0400 (EDT)
DJ Khaled Featuring Chris Brown Lil Wayne & Big Sean,2,Fri May 01 2015 00:00:00 GMT-0400 (EDT)
Pitbull Featuring Chris Brown,2,Fri May 01 2015 00:00:00 GMT-0400 (EDT)
Nick Fradiani,1,Fri May 01 2015 00:00:00 GMT-0400 (EDT)
David Guetta Featuring Nicki Minaj Bebe Rexha & Afrojack,1,Fri May 01 2015 00:00:00 GMT-0400 (EDT)
Jessie J,1,Fri May 01 2015 00:00:00 GMT-0400 (EDT)
Zedd Featuring Jon Bellion,1,Fri May 01 2015 00:00:00 GMT-0400 (EDT)
Thomas Rhett,1,Fri May 01 2015 00:00:00 GMT-0400 (EDT)
Meghan Linsey,1,Fri May 01 2015 00:00:00 GMT-0400 (EDT)
Major Lazer & DJ Snake Featuring M0,4,Mon Jun 01 2015 00:00:00 GMT-0400 (EDT)
OMI,4,Mon Jun 01 2015 00:00:00 GMT-0400 (EDT)
Wiz Khalifa Featuring Charlie Puth,4,Mon Jun 01 2015 00:00:00 GMT-0400 (EDT)
Taylor Swift Featuring Kendrick Lamar,4,Mon Jun 01 2015 00:00:00 GMT-0400 (EDT)
Fetty Wap,4,Mon Jun 01 2015 00:00:00 GMT-0400 (EDT)
WALK THE MOON,4,Mon Jun 01 2015 00:00:00 GMT-0400 (EDT)
Mark Ronson Featuring Bruno Mars,4,Mon Jun 01 2015 00:00:00 GMT-0400 (EDT)
The Weeknd,10,Mon Jun 01 2015 00:00:00 GMT-0400 (EDT)
Jason Derulo,4,Mon Jun 01 2015 00:00:00 GMT-0400 (EDT)
David Guetta Featuring Nicki Minaj Bebe Rexha & Afrojack,4,Mon Jun 01 2015 00:00:00 GMT-0400 (EDT)
Maroon 5,8,Mon Jun 01 2015 00:00:00 GMT-0400 (EDT)
T-Wayne,4,Mon Jun 01 2015 00:00:00 GMT-0400 (EDT)
Andy Grammer,4,Mon Jun 01 2015 00:00:00 GMT-0400 (EDT)
Tove Lo,4,Mon Jun 01 2015 00:00:00 GMT-0400 (EDT)
Ellie Goulding,4,Mon Jun 01 2015 00:00:00 GMT-0400 (EDT)
Omarion Featuring Chris Brown & Jhene Aiko,4,Mon Jun 01 2015 00:00:00 GMT-0400 (EDT)
DJ Snake & AlunaGeorge,4,Mon Jun 01 2015 00:00:00 GMT-0400 (EDT)
Skrillex & Diplo Featuring Justin Bieber,3,Mon Jun 01 2015 00:00:00 GMT-0400 (EDT)
Fifth Harmony Featuring Kid Ink,4,Mon Jun 01 2015 00:00:00 GMT-0400 (EDT)
Silento,4,Mon Jun 01 2015 00:00:00 GMT-0400 (EDT)
Meghan Trainor,5,Mon Jun 01 2015 00:00:00 GMT-0400 (EDT)
Ed Sheeran,8,Mon Jun 01 2015 00:00:00 GMT-0400 (EDT)
Natalie La Rose Featuring Jeremih,4,Mon Jun 01 2015 00:00:00 GMT-0400 (EDT)
Little Big Town,4,Mon Jun 01 2015 00:00:00 GMT-0400 (EDT)
Rihanna,4,Mon Jun 01 2015 00:00:00 GMT-0400 (EDT)
Taylor Swift,12,Mon Jun 01 2015 00:00:00 GMT-0400 (EDT)
Flo Rida Featuring Sage The Gemini & Lookas,4,Mon Jun 01 2015 00:00:00 GMT-0400 (EDT)
Trey Songz,4,Mon Jun 01 2015 00:00:00 GMT-0400 (EDT)
Rich Homie Quan,4,Mon Jun 01 2015 00:00:00 GMT-0400 (EDT)
George Ezra,4,Mon Jun 01 2015 00:00:00 GMT-0400 (EDT)
Nick Jonas,3,Mon Jun 01 2015 00:00:00 GMT-0400 (EDT)
Sia,4,Mon Jun 01 2015 00:00:00 GMT-0400 (EDT)
Rachel Platten,4,Mon Jun 01 2015 00:00:00 GMT-0400 (EDT)
Sam Hunt,7,Mon Jun 01 2015 00:00:00 GMT-0400 (EDT)
Nicki Minaj,4,Mon Jun 01 2015 00:00:00 GMT-0400 (EDT)
Blake Shelton,4,Mon Jun 01 2015 00:00:00 GMT-0400 (EDT)
Luke Bryan,4,Mon Jun 01 2015 00:00:00 GMT-0400 (EDT)
Echosmith,4,Mon Jun 01 2015 00:00:00 GMT-0400 (EDT)
Big Sean Featuring Drake,4,Mon Jun 01 2015 00:00:00 GMT-0400 (EDT)
Florida Georgia Line,4,Mon Jun 01 2015 00:00:00 GMT-0400 (EDT)
Britney Spears & Iggy Azalea,4,Mon Jun 01 2015 00:00:00 GMT-0400 (EDT)
Ariana Grande,4,Mon Jun 01 2015 00:00:00 GMT-0400 (EDT)
Pitbull & Ne-Yo,3,Mon Jun 01 2015 00:00:00 GMT-0400 (EDT)
A Thousand Horses,4,Mon Jun 01 2015 00:00:00 GMT-0400 (EDT)
Billy Currington,4,Mon Jun 01 2015 00:00:00 GMT-0400 (EDT)
Kid Ink Featuring DeJ Loaf,4,Mon Jun 01 2015 00:00:00 GMT-0400 (EDT)
Pitbull Featuring Chris Brown,4,Mon Jun 01 2015 00:00:00 GMT-0400 (EDT)
Bandit Gang Marco Featuring Dro,4,Mon Jun 01 2015 00:00:00 GMT-0400 (EDT)
Future,4,Mon Jun 01 2015 00:00:00 GMT-0400 (EDT)
Fall Out Boy,4,Mon Jun 01 2015 00:00:00 GMT-0400 (EDT)
Kelsea Ballerini,4,Mon Jun 01 2015 00:00:00 GMT-0400 (EDT)
Kenny Chesney With Grace Potter,4,Mon Jun 01 2015 00:00:00 GMT-0400 (EDT)
Carrie Underwood,4,Mon Jun 01 2015 00:00:00 GMT-0400 (EDT)
Nicki Minaj Featuring Drake & Lil Wayne,2,Mon Jun 01 2015 00:00:00 GMT-0400 (EDT)
Jessie J,4,Mon Jun 01 2015 00:00:00 GMT-0400 (EDT)
A$AP Rocky,3,Mon Jun 01 2015 00:00:00 GMT-0400 (EDT)
Sam Smith,4,Mon Jun 01 2015 00:00:00 GMT-0400 (EDT)
Canaan Smith,4,Mon Jun 01 2015 00:00:00 GMT-0400 (EDT)
Easton Corbin,4,Mon Jun 01 2015 00:00:00 GMT-0400 (EDT)
Shaggy Featuring Mohombi Faydee Costi,4,Mon Jun 01 2015 00:00:00 GMT-0400 (EDT)
Zac Brown Band,5,Mon Jun 01 2015 00:00:00 GMT-0400 (EDT)
Tim McGraw With Catherine Dunn,4,Mon Jun 01 2015 00:00:00 GMT-0400 (EDT)
Brantley Gilbert,4,Mon Jun 01 2015 00:00:00 GMT-0400 (EDT)
J. Cole,4,Mon Jun 01 2015 00:00:00 GMT-0400 (EDT)
Wale Featuring Usher,4,Mon Jun 01 2015 00:00:00 GMT-0400 (EDT)
Kelly Clarkson,1,Mon Jun 01 2015 00:00:00 GMT-0400 (EDT)
Eric Church,4,Mon Jun 01 2015 00:00:00 GMT-0400 (EDT)
Jason Aldean,4,Mon Jun 01 2015 00:00:00 GMT-0400 (EDT)
Rihanna & Kanye West & Paul McCartney,2,Mon Jun 01 2015 00:00:00 GMT-0400 (EDT)
Thomas Rhett,4,Mon Jun 01 2015 00:00:00 GMT-0400 (EDT)
Carly Rae Jepsen,4,Mon Jun 01 2015 00:00:00 GMT-0400 (EDT)
Jidenna Featuring Roman GianArthur,4,Mon Jun 01 2015 00:00:00 GMT-0400 (EDT)
Kanye West Featuring Theophilus London Allan Kingdom & Paul McCartney,3,Mon Jun 01 2015 00:00:00 GMT-0400 (EDT)
A$AP Rocky Featuring ScHoolboy Q,2,Mon Jun 01 2015 00:00:00 GMT-0400 (EDT)
DJ Khaled Featuring Chris Brown Lil Wayne & Big Sean,4,Mon Jun 01 2015 00:00:00 GMT-0400 (EDT)
Drake,8,Mon Jun 01 2015 00:00:00 GMT-0400 (EDT)
Brad Paisley,4,Mon Jun 01 2015 00:00:00 GMT-0400 (EDT)
Nicky Jam & Enrique Iglesias,4,Mon Jun 01 2015 00:00:00 GMT-0400 (EDT)
Zedd Featuring Selena Gomez,3,Mon Jun 01 2015 00:00:00 GMT-0400 (EDT)
Mumford & Sons,4,Mon Jun 01 2015 00:00:00 GMT-0400 (EDT)
Ciara,1,Mon Jun 01 2015 00:00:00 GMT-0400 (EDT)
Shawn Mendes,4,Mon Jun 01 2015 00:00:00 GMT-0400 (EDT)
Frankie Ballard,4,Mon Jun 01 2015 00:00:00 GMT-0400 (EDT)
Chris Janson,4,Mon Jun 01 2015 00:00:00 GMT-0400 (EDT)
Jamie Foxx Featuring Chris Brown,2,Mon Jun 01 2015 00:00:00 GMT-0400 (EDT)
Michael Ray,4,Mon Jun 01 2015 00:00:00 GMT-0400 (EDT)
Jeremih Featuring J. Cole,4,Mon Jun 01 2015 00:00:00 GMT-0400 (EDT)
Kevin Gates Featuring August Alsina,4,Mon Jun 01 2015 00:00:00 GMT-0400 (EDT)
X Ambassadors,4,Mon Jun 01 2015 00:00:00 GMT-0400 (EDT)
Kendrick Lamar,1,Mon Jun 01 2015 00:00:00 GMT-0400 (EDT)
Keith Urban Featuring Eric Church,1,Mon Jun 01 2015 00:00:00 GMT-0400 (EDT)
Chedda Da Connect,2,Mon Jun 01 2015 00:00:00 GMT-0400 (EDT)
Eminem,1,Mon Jun 01 2015 00:00:00 GMT-0400 (EDT)
How I Became The Bomb,1,Mon Jun 01 2015 00:00:00 GMT-0400 (EDT)
A$AP Rocky Featuring Rod Stewart x Miguel x Mark Ronson,2,Mon Jun 01 2015 00:00:00 GMT-0400 (EDT)
Tech N9Ne Featuring 2 Chainz & B.o.B,3,Mon Jun 01 2015 00:00:00 GMT-0400 (EDT)
Dustin Lynch,3,Mon Jun 01 2015 00:00:00 GMT-0400 (EDT)
Dillon Francis & DJ Snake,1,Mon Jun 01 2015 00:00:00 GMT-0400 (EDT)
Travi$ Scott Featuring Future & 2 Chainz,1,Mon Jun 01 2015 00:00:00 GMT-0400 (EDT)
Keith Urban,2,Mon Jun 01 2015 00:00:00 GMT-0400 (EDT)
Prince Royce Featuring Jennifer Lopez & Pitbull,1,Mon Jun 01 2015 00:00:00 GMT-0400 (EDT)
Rae Sremmurd,2,Mon Jun 01 2015 00:00:00 GMT-0400 (EDT)
Brett Eldredge,2,Mon Jun 01 2015 00:00:00 GMT-0400 (EDT)
twenty one pilots,2,Mon Jun 01 2015 00:00:00 GMT-0400 (EDT)
Skrillex & Diplo With Justin Bieber,1,Mon Jun 01 2015 00:00:00 GMT-0400 (EDT)
Adam Lambert,1,Mon Jun 01 2015 00:00:00 GMT-0400 (EDT)
Madonna Featuring Nicki Minaj,1,Mon Jun 01 2015 00:00:00 GMT-0400 (EDT)
Charlie Puth Featuring Meghan Trainor,1,Mon Jun 01 2015 00:00:00 GMT-0400 (EDT)
Zedd Featuring Jon Bellion,1,Mon Jun 01 2015 00:00:00 GMT-0400 (EDT)
Hilary Duff,1,Mon Jun 01 2015 00:00:00 GMT-0400 (EDT)
Miguel,1,Mon Jun 01 2015 00:00:00 GMT-0400 (EDT)
Sage The Gemini Featuring Nick Jonas,1,Mon Jun 01 2015 00:00:00 GMT-0400 (EDT)
Wiz Khalifa Featuring Charlie Puth,4,Wed Jul 01 2015 00:00:00 GMT-0400 (EDT)
Taylor Swift Featuring Kendrick Lamar,4,Wed Jul 01 2015 00:00:00 GMT-0400 (EDT)
OMI,4,Wed Jul 01 2015 00:00:00 GMT-0400 (EDT)
Fetty Wap,5,Wed Jul 01 2015 00:00:00 GMT-0400 (EDT)
WALK THE MOON,4,Wed Jul 01 2015 00:00:00 GMT-0400 (EDT)
The Weeknd,12,Wed Jul 01 2015 00:00:00 GMT-0400 (EDT)
Silento,4,Wed Jul 01 2015 00:00:00 GMT-0400 (EDT)
Mark Ronson Featuring Bruno Mars,4,Wed Jul 01 2015 00:00:00 GMT-0400 (EDT)
Selena Gomez Featuring A$AP Rocky,4,Wed Jul 01 2015 00:00:00 GMT-0400 (EDT)
David Guetta Featuring Nicki Minaj Bebe Rexha & Afrojack,4,Wed Jul 01 2015 00:00:00 GMT-0400 (EDT)
Andy Grammer,4,Wed Jul 01 2015 00:00:00 GMT-0400 (EDT)
Jason Derulo,4,Wed Jul 01 2015 00:00:00 GMT-0400 (EDT)
Major Lazer & DJ Snake Featuring M0,4,Wed Jul 01 2015 00:00:00 GMT-0400 (EDT)
Rachel Platten,4,Wed Jul 01 2015 00:00:00 GMT-0400 (EDT)
Fifth Harmony Featuring Kid Ink,4,Wed Jul 01 2015 00:00:00 GMT-0400 (EDT)
Skrillex & Diplo With Justin Bieber,4,Wed Jul 01 2015 00:00:00 GMT-0400 (EDT)
Maroon 5,8,Wed Jul 01 2015 00:00:00 GMT-0400 (EDT)
DJ Snake & AlunaGeorge,4,Wed Jul 01 2015 00:00:00 GMT-0400 (EDT)
Omarion Featuring Chris Brown & Jhene Aiko,4,Wed Jul 01 2015 00:00:00 GMT-0400 (EDT)
Tove Lo,4,Wed Jul 01 2015 00:00:00 GMT-0400 (EDT)
Ed Sheeran,8,Wed Jul 01 2015 00:00:00 GMT-0400 (EDT)
T-Wayne,4,Wed Jul 01 2015 00:00:00 GMT-0400 (EDT)
Ellie Goulding,4,Wed Jul 01 2015 00:00:00 GMT-0400 (EDT)
Little Big Town,4,Wed Jul 01 2015 00:00:00 GMT-0400 (EDT)
Rihanna,4,Wed Jul 01 2015 00:00:00 GMT-0400 (EDT)
Rich Homie Quan,4,Wed Jul 01 2015 00:00:00 GMT-0400 (EDT)
Sia,4,Wed Jul 01 2015 00:00:00 GMT-0400 (EDT)
Trey Songz,4,Wed Jul 01 2015 00:00:00 GMT-0400 (EDT)
Nicki Minaj,4,Wed Jul 01 2015 00:00:00 GMT-0400 (EDT)
Jidenna Featuring Roman GianArthur,4,Wed Jul 01 2015 00:00:00 GMT-0400 (EDT)
Sam Hunt,8,Wed Jul 01 2015 00:00:00 GMT-0400 (EDT)
George Ezra,2,Wed Jul 01 2015 00:00:00 GMT-0400 (EDT)
Luke Bryan,4,Wed Jul 01 2015 00:00:00 GMT-0400 (EDT)
Blake Shelton,4,Wed Jul 01 2015 00:00:00 GMT-0400 (EDT)
Taylor Swift,10,Wed Jul 01 2015 00:00:00 GMT-0400 (EDT)
Pitbull Featuring Chris Brown,4,Wed Jul 01 2015 00:00:00 GMT-0400 (EDT)
Natalie La Rose Featuring Jeremih,4,Wed Jul 01 2015 00:00:00 GMT-0400 (EDT)
Kid Ink Featuring DeJ Loaf,4,Wed Jul 01 2015 00:00:00 GMT-0400 (EDT)
Flo Rida Featuring Sage The Gemini & Lookas,3,Wed Jul 01 2015 00:00:00 GMT-0400 (EDT)
Meghan Trainor,1,Wed Jul 01 2015 00:00:00 GMT-0400 (EDT)
Fall Out Boy,4,Wed Jul 01 2015 00:00:00 GMT-0400 (EDT)
Kelsea Ballerini,4,Wed Jul 01 2015 00:00:00 GMT-0400 (EDT)
Carrie Underwood,4,Wed Jul 01 2015 00:00:00 GMT-0400 (EDT)
Echosmith,4,Wed Jul 01 2015 00:00:00 GMT-0400 (EDT)
Jason Aldean,4,Wed Jul 01 2015 00:00:00 GMT-0400 (EDT)
Canaan Smith,4,Wed Jul 01 2015 00:00:00 GMT-0400 (EDT)
Eric Church,4,Wed Jul 01 2015 00:00:00 GMT-0400 (EDT)
Tim McGraw With Catherine Dunn,3,Wed Jul 01 2015 00:00:00 GMT-0400 (EDT)
Shawn Mendes,4,Wed Jul 01 2015 00:00:00 GMT-0400 (EDT)
Thomas Rhett,4,Wed Jul 01 2015 00:00:00 GMT-0400 (EDT)
Easton Corbin,4,Wed Jul 01 2015 00:00:00 GMT-0400 (EDT)
Future,4,Wed Jul 01 2015 00:00:00 GMT-0400 (EDT)
Brantley Gilbert,4,Wed Jul 01 2015 00:00:00 GMT-0400 (EDT)
J. Cole,4,Wed Jul 01 2015 00:00:00 GMT-0400 (EDT)
Zac Brown Band,4,Wed Jul 01 2015 00:00:00 GMT-0400 (EDT)
Ariana Grande,1,Wed Jul 01 2015 00:00:00 GMT-0400 (EDT)
Chris Janson,4,Wed Jul 01 2015 00:00:00 GMT-0400 (EDT)
X Ambassadors,4,Wed Jul 01 2015 00:00:00 GMT-0400 (EDT)
Jeremih Featuring J. Cole,4,Wed Jul 01 2015 00:00:00 GMT-0400 (EDT)
Janet,1,Wed Jul 01 2015 00:00:00 GMT-0400 (EDT)
Florida Georgia Line,4,Wed Jul 01 2015 00:00:00 GMT-0400 (EDT)
Brad Paisley,4,Wed Jul 01 2015 00:00:00 GMT-0400 (EDT)
Michael Ray,4,Wed Jul 01 2015 00:00:00 GMT-0400 (EDT)
Wale Featuring Usher,4,Wed Jul 01 2015 00:00:00 GMT-0400 (EDT)
Billy Currington,4,Wed Jul 01 2015 00:00:00 GMT-0400 (EDT)
Carly Rae Jepsen,4,Wed Jul 01 2015 00:00:00 GMT-0400 (EDT)
Flo Rida Featuring Robin Thicke & Verdine White,4,Wed Jul 01 2015 00:00:00 GMT-0400 (EDT)
DJ Khaled Featuring Chris Brown Lil Wayne & Big Sean,4,Wed Jul 01 2015 00:00:00 GMT-0400 (EDT)
Keith Urban,4,Wed Jul 01 2015 00:00:00 GMT-0400 (EDT)
Adam Lambert,4,Wed Jul 01 2015 00:00:00 GMT-0400 (EDT)
Dustin Lynch,4,Wed Jul 01 2015 00:00:00 GMT-0400 (EDT)
Charlie Puth Featuring Meghan Trainor,4,Wed Jul 01 2015 00:00:00 GMT-0400 (EDT)
Frankie Ballard,4,Wed Jul 01 2015 00:00:00 GMT-0400 (EDT)
Meek Mill Featuring Chris Brown & Nicki Minaj,4,Wed Jul 01 2015 00:00:00 GMT-0400 (EDT)
Drake,3,Wed Jul 01 2015 00:00:00 GMT-0400 (EDT)
Nicky Jam & Enrique Iglesias,4,Wed Jul 01 2015 00:00:00 GMT-0400 (EDT)
A Thousand Horses,3,Wed Jul 01 2015 00:00:00 GMT-0400 (EDT)
Rae Sremmurd,4,Wed Jul 01 2015 00:00:00 GMT-0400 (EDT)
Brett Eldredge,4,Wed Jul 01 2015 00:00:00 GMT-0400 (EDT)
Jessie J,2,Wed Jul 01 2015 00:00:00 GMT-0400 (EDT)
Kenny Chesney With Grace Potter,1,Wed Jul 01 2015 00:00:00 GMT-0400 (EDT)
Sage The Gemini Featuring Nick Jonas,4,Wed Jul 01 2015 00:00:00 GMT-0400 (EDT)
Tech N9Ne Featuring 2 Chainz & B.o.B,4,Wed Jul 01 2015 00:00:00 GMT-0400 (EDT)
Shaggy Featuring Mohombi Faydee Costi,1,Wed Jul 01 2015 00:00:00 GMT-0400 (EDT)
Janelle Monae & Jidenna,4,Wed Jul 01 2015 00:00:00 GMT-0400 (EDT)
Zedd Featuring Jon Bellion,4,Wed Jul 01 2015 00:00:00 GMT-0400 (EDT)
Madonna Featuring Nicki Minaj,1,Wed Jul 01 2015 00:00:00 GMT-0400 (EDT)
Jake Owen,4,Wed Jul 01 2015 00:00:00 GMT-0400 (EDT)
Britney Spears & Iggy Azalea,1,Wed Jul 01 2015 00:00:00 GMT-0400 (EDT)
twenty one pilots,4,Wed Jul 01 2015 00:00:00 GMT-0400 (EDT)
Sam Smith,1,Wed Jul 01 2015 00:00:00 GMT-0400 (EDT)
Young Thug,1,Wed Jul 01 2015 00:00:00 GMT-0400 (EDT)
Fetty Wap Featuring Remy Boyz,3,Wed Jul 01 2015 00:00:00 GMT-0400 (EDT)
Demi Lovato,3,Wed Jul 01 2015 00:00:00 GMT-0400 (EDT)
Meek Mill Featuring Drake,3,Wed Jul 01 2015 00:00:00 GMT-0400 (EDT)
Kendrick Lamar,3,Wed Jul 01 2015 00:00:00 GMT-0400 (EDT)
Big Sean Featuring Chris Brown & Ty Dolla $ign,1,Wed Jul 01 2015 00:00:00 GMT-0400 (EDT)
Pia Mia Featuring Chris Brown & Tyga,3,Wed Jul 01 2015 00:00:00 GMT-0400 (EDT)
Miguel,1,Wed Jul 01 2015 00:00:00 GMT-0400 (EDT)
Meek Mill Featuring Nicki Minaj,2,Wed Jul 01 2015 00:00:00 GMT-0400 (EDT)
NEEDTOBREATHE Featuring Gavin DeGraw,2,Wed Jul 01 2015 00:00:00 GMT-0400 (EDT)
Steven Tyler,1,Wed Jul 01 2015 00:00:00 GMT-0400 (EDT)
Meek Mill,2,Wed Jul 01 2015 00:00:00 GMT-0400 (EDT)
Meek Mill Featuring Future,2,Wed Jul 01 2015 00:00:00 GMT-0400 (EDT)
Meghan Trainor Featuring John Legend,2,Wed Jul 01 2015 00:00:00 GMT-0400 (EDT)
Elle King,2,Wed Jul 01 2015 00:00:00 GMT-0400 (EDT)
Old Dominion,2,Wed Jul 01 2015 00:00:00 GMT-0400 (EDT)
Chris Young,2,Wed Jul 01 2015 00:00:00 GMT-0400 (EDT)
Eminem Featuring Gwen Stefani,1,Wed Jul 01 2015 00:00:00 GMT-0400 (EDT)
Fetty Wap Featuring Monty,1,Wed Jul 01 2015 00:00:00 GMT-0400 (EDT)
Tori Kelly,1,Wed Jul 01 2015 00:00:00 GMT-0400 (EDT)
Maddie & Tae,1,Wed Jul 01 2015 00:00:00 GMT-0400 (EDT)
Cam,1,Wed Jul 01 2015 00:00:00 GMT-0400 (EDT)
Big Sean Featuring Kanye West & John Legend,1,Wed Jul 01 2015 00:00:00 GMT-0400 (EDT)
Omarion Featuring Chris Brown & Jhene Aiko,5,Sat Aug 01 2015 00:00:00 GMT-0400 (EDT)
Charlie Puth Featuring Meghan Trainor,5,Sat Aug 01 2015 00:00:00 GMT-0400 (EDT)
OMI,5,Sat Aug 01 2015 00:00:00 GMT-0400 (EDT)
The Weeknd,15,Sat Aug 01 2015 00:00:00 GMT-0400 (EDT)
Silento,5,Sat Aug 01 2015 00:00:00 GMT-0400 (EDT)
Taylor Swift Featuring Kendrick Lamar,5,Sat Aug 01 2015 00:00:00 GMT-0400 (EDT)
Wiz Khalifa Featuring Charlie Puth,5,Sat Aug 01 2015 00:00:00 GMT-0400 (EDT)
Fetty Wap,7,Sat Aug 01 2015 00:00:00 GMT-0400 (EDT)
Fetty Wap Featuring Monty,5,Sat Aug 01 2015 00:00:00 GMT-0400 (EDT)
Rachel Platten,5,Sat Aug 01 2015 00:00:00 GMT-0400 (EDT)
WALK THE MOON,5,Sat Aug 01 2015 00:00:00 GMT-0400 (EDT)
Major Lazer & DJ Snake Featuring M0,5,Sat Aug 01 2015 00:00:00 GMT-0400 (EDT)
Fifth Harmony Featuring Kid Ink,5,Sat Aug 01 2015 00:00:00 GMT-0400 (EDT)
Skrillex & Diplo With Justin Bieber,5,Sat Aug 01 2015 00:00:00 GMT-0400 (EDT)
Andy Grammer,5,Sat Aug 01 2015 00:00:00 GMT-0400 (EDT)
David Guetta Featuring Nicki Minaj Bebe Rexha & Afrojack,5,Sat Aug 01 2015 00:00:00 GMT-0400 (EDT)
Selena Gomez Featuring A$AP Rocky,5,Sat Aug 01 2015 00:00:00 GMT-0400 (EDT)
Mark Ronson Featuring Bruno Mars,5,Sat Aug 01 2015 00:00:00 GMT-0400 (EDT)
Fetty Wap Featuring Remy Boyz,5,Sat Aug 01 2015 00:00:00 GMT-0400 (EDT)
Jason Derulo,9,Sat Aug 01 2015 00:00:00 GMT-0400 (EDT)
Ed Sheeran,10,Sat Aug 01 2015 00:00:00 GMT-0400 (EDT)
5 Seconds Of Summer,6,Sat Aug 01 2015 00:00:00 GMT-0400 (EDT)
Maroon 5,8,Sat Aug 01 2015 00:00:00 GMT-0400 (EDT)
Demi Lovato,5,Sat Aug 01 2015 00:00:00 GMT-0400 (EDT)
Jidenna Featuring Roman GianArthur,5,Sat Aug 01 2015 00:00:00 GMT-0400 (EDT)
Rihanna,5,Sat Aug 01 2015 00:00:00 GMT-0400 (EDT)
Rich Homie Quan,5,Sat Aug 01 2015 00:00:00 GMT-0400 (EDT)
Meek Mill Featuring Chris Brown & Nicki Minaj,5,Sat Aug 01 2015 00:00:00 GMT-0400 (EDT)
Fall Out Boy,5,Sat Aug 01 2015 00:00:00 GMT-0400 (EDT)
Luke Bryan,8,Sat Aug 01 2015 00:00:00 GMT-0400 (EDT)
Ellie Goulding,5,Sat Aug 01 2015 00:00:00 GMT-0400 (EDT)
Tove Lo,5,Sat Aug 01 2015 00:00:00 GMT-0400 (EDT)
DJ Snake & AlunaGeorge,4,Sat Aug 01 2015 00:00:00 GMT-0400 (EDT)
Little Big Town,2,Sat Aug 01 2015 00:00:00 GMT-0400 (EDT)
T-Wayne,5,Sat Aug 01 2015 00:00:00 GMT-0400 (EDT)
Sam Hunt,8,Sat Aug 01 2015 00:00:00 GMT-0400 (EDT)
Trey Songz,3,Sat Aug 01 2015 00:00:00 GMT-0400 (EDT)
Sia,2,Sat Aug 01 2015 00:00:00 GMT-0400 (EDT)
Pitbull Featuring Chris Brown,5,Sat Aug 01 2015 00:00:00 GMT-0400 (EDT)
Nicky Jam & Enrique Iglesias,5,Sat Aug 01 2015 00:00:00 GMT-0400 (EDT)
Kid Ink Featuring DeJ Loaf,5,Sat Aug 01 2015 00:00:00 GMT-0400 (EDT)
Brantley Gilbert,5,Sat Aug 01 2015 00:00:00 GMT-0400 (EDT)
Thomas Rhett,5,Sat Aug 01 2015 00:00:00 GMT-0400 (EDT)
Meek Mill Featuring Drake,5,Sat Aug 01 2015 00:00:00 GMT-0400 (EDT)
Taylor Swift,2,Sat Aug 01 2015 00:00:00 GMT-0400 (EDT)
Jason Aldean,5,Sat Aug 01 2015 00:00:00 GMT-0400 (EDT)
X Ambassadors,5,Sat Aug 01 2015 00:00:00 GMT-0400 (EDT)
Zac Brown Band,5,Sat Aug 01 2015 00:00:00 GMT-0400 (EDT)
Eric Church,5,Sat Aug 01 2015 00:00:00 GMT-0400 (EDT)
Chris Janson,5,Sat Aug 01 2015 00:00:00 GMT-0400 (EDT)
Shawn Mendes,5,Sat Aug 01 2015 00:00:00 GMT-0400 (EDT)
Jeremih Featuring J. Cole,5,Sat Aug 01 2015 00:00:00 GMT-0400 (EDT)
Flo Rida Featuring Robin Thicke & Verdine White,5,Sat Aug 01 2015 00:00:00 GMT-0400 (EDT)
Keith Urban,5,Sat Aug 01 2015 00:00:00 GMT-0400 (EDT)
Blake Shelton,5,Sat Aug 01 2015 00:00:00 GMT-0400 (EDT)
Michael Ray,5,Sat Aug 01 2015 00:00:00 GMT-0400 (EDT)
Calvin Harris & Disciples,5,Sat Aug 01 2015 00:00:00 GMT-0400 (EDT)
Rae Sremmurd,5,Sat Aug 01 2015 00:00:00 GMT-0400 (EDT)
Canaan Smith,3,Sat Aug 01 2015 00:00:00 GMT-0400 (EDT)
Nicki Minaj,4,Sat Aug 01 2015 00:00:00 GMT-0400 (EDT)
Frankie Ballard,5,Sat Aug 01 2015 00:00:00 GMT-0400 (EDT)
Dustin Lynch,5,Sat Aug 01 2015 00:00:00 GMT-0400 (EDT)
Brad Paisley,3,Sat Aug 01 2015 00:00:00 GMT-0400 (EDT)
Future Featuring Drake,5,Sat Aug 01 2015 00:00:00 GMT-0400 (EDT)
Brett Eldredge,5,Sat Aug 01 2015 00:00:00 GMT-0400 (EDT)
Adam Lambert,5,Sat Aug 01 2015 00:00:00 GMT-0400 (EDT)
J. Cole,5,Sat Aug 01 2015 00:00:00 GMT-0400 (EDT)
Future,5,Sat Aug 01 2015 00:00:00 GMT-0400 (EDT)
Jake Owen,5,Sat Aug 01 2015 00:00:00 GMT-0400 (EDT)
Sage The Gemini Featuring Nick Jonas,3,Sat Aug 01 2015 00:00:00 GMT-0400 (EDT)
Kelsea Ballerini,2,Sat Aug 01 2015 00:00:00 GMT-0400 (EDT)
Meghan Trainor Featuring John Legend,5,Sat Aug 01 2015 00:00:00 GMT-0400 (EDT)
Pia Mia Featuring Chris Brown & Tyga,5,Sat Aug 01 2015 00:00:00 GMT-0400 (EDT)
DJ Khaled Featuring Chris Brown Lil Wayne & Big Sean,5,Sat Aug 01 2015 00:00:00 GMT-0400 (EDT)
Echosmith,2,Sat Aug 01 2015 00:00:00 GMT-0400 (EDT)
Wale Featuring Usher,3,Sat Aug 01 2015 00:00:00 GMT-0400 (EDT)
Tori Kelly,5,Sat Aug 01 2015 00:00:00 GMT-0400 (EDT)
Zedd Featuring Jon Bellion,5,Sat Aug 01 2015 00:00:00 GMT-0400 (EDT)
R. City Featuring Adam Levine,5,Sat Aug 01 2015 00:00:00 GMT-0400 (EDT)
Elle King,5,Sat Aug 01 2015 00:00:00 GMT-0400 (EDT)
Janelle Monae & Jidenna,2,Sat Aug 01 2015 00:00:00 GMT-0400 (EDT)
Cam,5,Sat Aug 01 2015 00:00:00 GMT-0400 (EDT)
Maddie & Tae,5,Sat Aug 01 2015 00:00:00 GMT-0400 (EDT)
Kendrick Lamar,5,Sat Aug 01 2015 00:00:00 GMT-0400 (EDT)
Chris Young,5,Sat Aug 01 2015 00:00:00 GMT-0400 (EDT)
Easton Corbin,1,Sat Aug 01 2015 00:00:00 GMT-0400 (EDT)
Old Dominion,5,Sat Aug 01 2015 00:00:00 GMT-0400 (EDT)
Florida Georgia Line,6,Sat Aug 01 2015 00:00:00 GMT-0400 (EDT)
twenty one pilots,1,Sat Aug 01 2015 00:00:00 GMT-0400 (EDT)
Big Sean Featuring Kanye West & John Legend,5,Sat Aug 01 2015 00:00:00 GMT-0400 (EDT)
Kenny Chesney,5,Sat Aug 01 2015 00:00:00 GMT-0400 (EDT)
Ciara,1,Sat Aug 01 2015 00:00:00 GMT-0400 (EDT)
Janet Featuring J. Cole,1,Sat Aug 01 2015 00:00:00 GMT-0400 (EDT)
Bea Miller,1,Sat Aug 01 2015 00:00:00 GMT-0400 (EDT)
Eminem Featuring Gwen Stefani,1,Sat Aug 01 2015 00:00:00 GMT-0400 (EDT)
Prince Royce Featuring Jennifer Lopez & Pitbull,1,Sat Aug 01 2015 00:00:00 GMT-0400 (EDT)
Sam Smith,1,Sat Aug 01 2015 00:00:00 GMT-0400 (EDT)
One Direction,3,Sat Aug 01 2015 00:00:00 GMT-0400 (EDT)
Drake,7,Sat Aug 01 2015 00:00:00 GMT-0400 (EDT)
Disclosure Featuring Sam Smith,3,Sat Aug 01 2015 00:00:00 GMT-0400 (EDT)
The Game Featuring Drake,3,Sat Aug 01 2015 00:00:00 GMT-0400 (EDT)
K Camp,3,Sat Aug 01 2015 00:00:00 GMT-0400 (EDT)
Cole Swindell,3,Sat Aug 01 2015 00:00:00 GMT-0400 (EDT)
Alessia Cara,3,Sat Aug 01 2015 00:00:00 GMT-0400 (EDT)
Dove Cameron,2,Sat Aug 01 2015 00:00:00 GMT-0400 (EDT)
Dove Cameron Cameron Boyce Booboo Stewart & Sofia Carson,3,Sat Aug 01 2015 00:00:00 GMT-0400 (EDT)
Lana Del Rey,2,Sat Aug 01 2015 00:00:00 GMT-0400 (EDT)
Hailee Steinfeld,2,Sat Aug 01 2015 00:00:00 GMT-0400 (EDT)
Dan + Shay,2,Sat Aug 01 2015 00:00:00 GMT-0400 (EDT)
Chase Rice,2,Sat Aug 01 2015 00:00:00 GMT-0400 (EDT)
Little Mix,2,Sat Aug 01 2015 00:00:00 GMT-0400 (EDT)
Mac Miller,1,Sat Aug 01 2015 00:00:00 GMT-0400 (EDT)
N.W.A,1,Sat Aug 01 2015 00:00:00 GMT-0400 (EDT)
@iHeartMemphis,1,Sat Aug 01 2015 00:00:00 GMT-0400 (EDT)
Eazy-E,1,Sat Aug 01 2015 00:00:00 GMT-0400 (EDT)
Nelly Featuring Jeremih,1,Sat Aug 01 2015 00:00:00 GMT-0400 (EDT)
The Weeknd,23,Tue Sep 01 2015 00:00:00 GMT-0400 (EDT)
Fetty Wap,8,Tue Sep 01 2015 00:00:00 GMT-0400 (EDT)
OMI,4,Tue Sep 01 2015 00:00:00 GMT-0400 (EDT)
Silento,4,Tue Sep 01 2015 00:00:00 GMT-0400 (EDT)
Major Lazer & DJ Snake Featuring M0,4,Tue Sep 01 2015 00:00:00 GMT-0400 (EDT)
Selena Gomez Featuring A$AP Rocky,4,Tue Sep 01 2015 00:00:00 GMT-0400 (EDT)
Fetty Wap Featuring Remy Boyz,4,Tue Sep 01 2015 00:00:00 GMT-0400 (EDT)
R. City Featuring Adam Levine,4,Tue Sep 01 2015 00:00:00 GMT-0400 (EDT)
Rachel Platten,4,Tue Sep 01 2015 00:00:00 GMT-0400 (EDT)
Fetty Wap Featuring Monty,4,Tue Sep 01 2015 00:00:00 GMT-0400 (EDT)
Ed Sheeran,8,Tue Sep 01 2015 00:00:00 GMT-0400 (EDT)
Skrillex & Diplo With Justin Bieber,4,Tue Sep 01 2015 00:00:00 GMT-0400 (EDT)
One Direction,4,Tue Sep 01 2015 00:00:00 GMT-0400 (EDT)
Wiz Khalifa Featuring Charlie Puth,4,Tue Sep 01 2015 00:00:00 GMT-0400 (EDT)
WALK THE MOON,4,Tue Sep 01 2015 00:00:00 GMT-0400 (EDT)
Demi Lovato,4,Tue Sep 01 2015 00:00:00 GMT-0400 (EDT)
Taylor Swift Featuring Kendrick Lamar,4,Tue Sep 01 2015 00:00:00 GMT-0400 (EDT)
Mark Ronson Featuring Bruno Mars,4,Tue Sep 01 2015 00:00:00 GMT-0400 (EDT)
Shawn Mendes,4,Tue Sep 01 2015 00:00:00 GMT-0400 (EDT)
Fifth Harmony Featuring Kid Ink,4,Tue Sep 01 2015 00:00:00 GMT-0400 (EDT)
Fall Out Boy,4,Tue Sep 01 2015 00:00:00 GMT-0400 (EDT)
@iHeartMemphis,3,Tue Sep 01 2015 00:00:00 GMT-0400 (EDT)
Jason Derulo,7,Tue Sep 01 2015 00:00:00 GMT-0400 (EDT)
Jidenna Featuring Roman GianArthur,4,Tue Sep 01 2015 00:00:00 GMT-0400 (EDT)
Charlie Puth Featuring Meghan Trainor,4,Tue Sep 01 2015 00:00:00 GMT-0400 (EDT)
Andy Grammer,4,Tue Sep 01 2015 00:00:00 GMT-0400 (EDT)
Sam Hunt,4,Tue Sep 01 2015 00:00:00 GMT-0400 (EDT)
Drake,9,Tue Sep 01 2015 00:00:00 GMT-0400 (EDT)
Rich Homie Quan,4,Tue Sep 01 2015 00:00:00 GMT-0400 (EDT)
Meek Mill Featuring Chris Brown & Nicki Minaj,4,Tue Sep 01 2015 00:00:00 GMT-0400 (EDT)
Omarion Featuring Chris Brown & Jhene Aiko,4,Tue Sep 01 2015 00:00:00 GMT-0400 (EDT)
Maroon 5,4,Tue Sep 01 2015 00:00:00 GMT-0400 (EDT)
David Guetta Featuring Nicki Minaj Bebe Rexha & Afrojack,2,Tue Sep 01 2015 00:00:00 GMT-0400 (EDT)
X Ambassadors,4,Tue Sep 01 2015 00:00:00 GMT-0400 (EDT)
Thomas Rhett,4,Tue Sep 01 2015 00:00:00 GMT-0400 (EDT)
Chris Janson,4,Tue Sep 01 2015 00:00:00 GMT-0400 (EDT)
Keith Urban,4,Tue Sep 01 2015 00:00:00 GMT-0400 (EDT)
Carrie Underwood,4,Tue Sep 01 2015 00:00:00 GMT-0400 (EDT)
Jeremih Featuring J. Cole,4,Tue Sep 01 2015 00:00:00 GMT-0400 (EDT)
Rihanna,1,Tue Sep 01 2015 00:00:00 GMT-0400 (EDT)
Flo Rida Featuring Robin Thicke & Verdine White,4,Tue Sep 01 2015 00:00:00 GMT-0400 (EDT)
5 Seconds Of Summer,5,Tue Sep 01 2015 00:00:00 GMT-0400 (EDT)
Adam Lambert,4,Tue Sep 01 2015 00:00:00 GMT-0400 (EDT)
Ellie Goulding,1,Tue Sep 01 2015 00:00:00 GMT-0400 (EDT)
Rae Sremmurd,5,Tue Sep 01 2015 00:00:00 GMT-0400 (EDT)
Luke Bryan,8,Tue Sep 01 2015 00:00:00 GMT-0400 (EDT)
Meghan Trainor Featuring John Legend,4,Tue Sep 01 2015 00:00:00 GMT-0400 (EDT)
Hailee Steinfeld,4,Tue Sep 01 2015 00:00:00 GMT-0400 (EDT)
Brett Eldredge,4,Tue Sep 01 2015 00:00:00 GMT-0400 (EDT)
Dustin Lynch,4,Tue Sep 01 2015 00:00:00 GMT-0400 (EDT)
Calvin Harris & Disciples,4,Tue Sep 01 2015 00:00:00 GMT-0400 (EDT)
Elle King,4,Tue Sep 01 2015 00:00:00 GMT-0400 (EDT)
T-Wayne,1,Tue Sep 01 2015 00:00:00 GMT-0400 (EDT)
Future Featuring Drake,4,Tue Sep 01 2015 00:00:00 GMT-0400 (EDT)
Kenny Chesney,4,Tue Sep 01 2015 00:00:00 GMT-0400 (EDT)
N.W.A,1,Tue Sep 01 2015 00:00:00 GMT-0400 (EDT)
Alessia Cara,4,Tue Sep 01 2015 00:00:00 GMT-0400 (EDT)
Cam,4,Tue Sep 01 2015 00:00:00 GMT-0400 (EDT)
Zedd Featuring Jon Bellion,3,Tue Sep 01 2015 00:00:00 GMT-0400 (EDT)
Eazy-E,1,Tue Sep 01 2015 00:00:00 GMT-0400 (EDT)
Dove Cameron Cameron Boyce Booboo Stewart & Sofia Carson,3,Tue Sep 01 2015 00:00:00 GMT-0400 (EDT)
Little Mix,4,Tue Sep 01 2015 00:00:00 GMT-0400 (EDT)
Nicky Jam & Enrique Iglesias,4,Tue Sep 01 2015 00:00:00 GMT-0400 (EDT)
K Camp,4,Tue Sep 01 2015 00:00:00 GMT-0400 (EDT)
Zac Brown Band,4,Tue Sep 01 2015 00:00:00 GMT-0400 (EDT)
Frankie Ballard,2,Tue Sep 01 2015 00:00:00 GMT-0400 (EDT)
Kid Ink Featuring DeJ Loaf,1,Tue Sep 01 2015 00:00:00 GMT-0400 (EDT)
Florida Georgia Line,4,Tue Sep 01 2015 00:00:00 GMT-0400 (EDT)
Tori Kelly,4,Tue Sep 01 2015 00:00:00 GMT-0400 (EDT)
Old Dominion,4,Tue Sep 01 2015 00:00:00 GMT-0400 (EDT)
Maddie & Tae,4,Tue Sep 01 2015 00:00:00 GMT-0400 (EDT)
Meek Mill Featuring Drake,4,Tue Sep 01 2015 00:00:00 GMT-0400 (EDT)
Chris Young,4,Tue Sep 01 2015 00:00:00 GMT-0400 (EDT)
Blake Shelton,2,Tue Sep 01 2015 00:00:00 GMT-0400 (EDT)
Pia Mia Featuring Chris Brown & Tyga,3,Tue Sep 01 2015 00:00:00 GMT-0400 (EDT)
Disclosure Featuring Sam Smith,3,Tue Sep 01 2015 00:00:00 GMT-0400 (EDT)
Cole Swindell,4,Tue Sep 01 2015 00:00:00 GMT-0400 (EDT)
Michael Ray,1,Tue Sep 01 2015 00:00:00 GMT-0400 (EDT)
Jake Owen,4,Tue Sep 01 2015 00:00:00 GMT-0400 (EDT)
Nick Jonas,4,Tue Sep 01 2015 00:00:00 GMT-0400 (EDT)
Dan + Shay,4,Tue Sep 01 2015 00:00:00 GMT-0400 (EDT)
Kendrick Lamar,4,Tue Sep 01 2015 00:00:00 GMT-0400 (EDT)
Big Sean Featuring Kanye West & John Legend,3,Tue Sep 01 2015 00:00:00 GMT-0400 (EDT)
J. Cole,4,Tue Sep 01 2015 00:00:00 GMT-0400 (EDT)
Chase Rice,4,Tue Sep 01 2015 00:00:00 GMT-0400 (EDT)
The Game Featuring Drake,4,Tue Sep 01 2015 00:00:00 GMT-0400 (EDT)
Macklemore & Ryan Lewis Featuring Eric Nally Melle Mel Kool Moe Dee & Grandmaster Caz,4,Tue Sep 01 2015 00:00:00 GMT-0400 (EDT)
Brantley Gilbert,1,Tue Sep 01 2015 00:00:00 GMT-0400 (EDT)
Chris Brown,3,Tue Sep 01 2015 00:00:00 GMT-0400 (EDT)
Lana Del Rey,1,Tue Sep 01 2015 00:00:00 GMT-0400 (EDT)
Trey Songz,3,Tue Sep 01 2015 00:00:00 GMT-0400 (EDT)
Andrew McMahon In The Wilderness,2,Tue Sep 01 2015 00:00:00 GMT-0400 (EDT)
Kip Moore,1,Tue Sep 01 2015 00:00:00 GMT-0400 (EDT)
Justin Bieber,3,Tue Sep 01 2015 00:00:00 GMT-0400 (EDT)
Taylor Swift,3,Tue Sep 01 2015 00:00:00 GMT-0400 (EDT)
The Weeknd Featuring Lana Del Rey,3,Tue Sep 01 2015 00:00:00 GMT-0400 (EDT)
Imagine Dragons,1,Tue Sep 01 2015 00:00:00 GMT-0400 (EDT)
The Weeknd Featuring Labrinth,1,Tue Sep 01 2015 00:00:00 GMT-0400 (EDT)
The Weeknd Featuring Ed Sheeran,3,Tue Sep 01 2015 00:00:00 GMT-0400 (EDT)
Halsey,3,Tue Sep 01 2015 00:00:00 GMT-0400 (EDT)
Nicki Minaj,2,Tue Sep 01 2015 00:00:00 GMT-0400 (EDT)
Travi$ Scott,2,Tue Sep 01 2015 00:00:00 GMT-0400 (EDT)
Wiz Khalifa Featuring Rae Sremmurd,1,Tue Sep 01 2015 00:00:00 GMT-0400 (EDT)
Post Malone,2,Tue Sep 01 2015 00:00:00 GMT-0400 (EDT)
J Balvin,2,Tue Sep 01 2015 00:00:00 GMT-0400 (EDT)
iHeartMemphis,1,Tue Sep 01 2015 00:00:00 GMT-0400 (EDT)
Selena Gomez,1,Tue Sep 01 2015 00:00:00 GMT-0400 (EDT)
Ty Dolla $ign Featuring Future & Rae Sremmurd,1,Tue Sep 01 2015 00:00:00 GMT-0400 (EDT)
Lil Wayne & Charlie Puth,1,Tue Sep 01 2015 00:00:00 GMT-0400 (EDT)
Jess Glynne,1,Tue Sep 01 2015 00:00:00 GMT-0400 (EDT)
Kygo Featuring Conrad,1,Tue Sep 01 2015 00:00:00 GMT-0400 (EDT)
Daya,1,Tue Sep 01 2015 00:00:00 GMT-0400 (EDT)
The Weeknd,14,Thu Oct 01 2015 00:00:00 GMT-0400 (EDT)
Justin Bieber,5,Thu Oct 01 2015 00:00:00 GMT-0400 (EDT)
Drake,17,Thu Oct 01 2015 00:00:00 GMT-0400 (EDT)
Silento,5,Thu Oct 01 2015 00:00:00 GMT-0400 (EDT)
Fetty Wap Featuring Remy Boyz,5,Thu Oct 01 2015 00:00:00 GMT-0400 (EDT)
R. City Featuring Adam Levine,5,Thu Oct 01 2015 00:00:00 GMT-0400 (EDT)
Selena Gomez Featuring A$AP Rocky,5,Thu Oct 01 2015 00:00:00 GMT-0400 (EDT)
OMI,5,Thu Oct 01 2015 00:00:00 GMT-0400 (EDT)
Taylor Swift,5,Thu Oct 01 2015 00:00:00 GMT-0400 (EDT)
Shawn Mendes,5,Thu Oct 01 2015 00:00:00 GMT-0400 (EDT)
Major Lazer & DJ Snake Featuring M0,5,Thu Oct 01 2015 00:00:00 GMT-0400 (EDT)
Ed Sheeran,10,Thu Oct 01 2015 00:00:00 GMT-0400 (EDT)
Mark Ronson Featuring Bruno Mars,5,Thu Oct 01 2015 00:00:00 GMT-0400 (EDT)
Fetty Wap Featuring Monty,8,Thu Oct 01 2015 00:00:00 GMT-0400 (EDT)
Macklemore & Ryan Lewis Featuring Eric Nally Melle Mel Kool Moe Dee & Grandmaster Caz,5,Thu Oct 01 2015 00:00:00 GMT-0400 (EDT)
Demi Lovato,8,Thu Oct 01 2015 00:00:00 GMT-0400 (EDT)
Fetty Wap,15,Thu Oct 01 2015 00:00:00 GMT-0400 (EDT)
Rachel Platten,5,Thu Oct 01 2015 00:00:00 GMT-0400 (EDT)
iHeartMemphis,2,Thu Oct 01 2015 00:00:00 GMT-0400 (EDT)
Charlie Puth Featuring Meghan Trainor,5,Thu Oct 01 2015 00:00:00 GMT-0400 (EDT)
Ellie Goulding,5,Thu Oct 01 2015 00:00:00 GMT-0400 (EDT)
Wiz Khalifa Featuring Charlie Puth,5,Thu Oct 01 2015 00:00:00 GMT-0400 (EDT)
Skrillex & Diplo With Justin Bieber,5,Thu Oct 01 2015 00:00:00 GMT-0400 (EDT)
One Direction,9,Thu Oct 01 2015 00:00:00 GMT-0400 (EDT)
WALK THE MOON,5,Thu Oct 01 2015 00:00:00 GMT-0400 (EDT)
X Ambassadors,5,Thu Oct 01 2015 00:00:00 GMT-0400 (EDT)
Meek Mill Featuring Chris Brown & Nicki Minaj,5,Thu Oct 01 2015 00:00:00 GMT-0400 (EDT)
Fall Out Boy,4,Thu Oct 01 2015 00:00:00 GMT-0400 (EDT)
Elle King,5,Thu Oct 01 2015 00:00:00 GMT-0400 (EDT)
Hailee Steinfeld,5,Thu Oct 01 2015 00:00:00 GMT-0400 (EDT)
Rich Homie Quan,5,Thu Oct 01 2015 00:00:00 GMT-0400 (EDT)
Future Featuring Drake,5,Thu Oct 01 2015 00:00:00 GMT-0400 (EDT)
Jason Derulo,5,Thu Oct 01 2015 00:00:00 GMT-0400 (EDT)
Luke Bryan,7,Thu Oct 01 2015 00:00:00 GMT-0400 (EDT)
Taylor Swift Featuring Kendrick Lamar,4,Thu Oct 01 2015 00:00:00 GMT-0400 (EDT)
Calvin Harris & Disciples,5,Thu Oct 01 2015 00:00:00 GMT-0400 (EDT)
Keith Urban,5,Thu Oct 01 2015 00:00:00 GMT-0400 (EDT)
Meghan Trainor Featuring John Legend,5,Thu Oct 01 2015 00:00:00 GMT-0400 (EDT)
Fifth Harmony Featuring Kid Ink,5,Thu Oct 01 2015 00:00:00 GMT-0400 (EDT)
Maroon 5,5,Thu Oct 01 2015 00:00:00 GMT-0400 (EDT)
Jidenna Featuring Roman GianArthur,1,Thu Oct 01 2015 00:00:00 GMT-0400 (EDT)
Alessia Cara,5,Thu Oct 01 2015 00:00:00 GMT-0400 (EDT)
Andy Grammer,1,Thu Oct 01 2015 00:00:00 GMT-0400 (EDT)
Selena Gomez,5,Thu Oct 01 2015 00:00:00 GMT-0400 (EDT)
Jeremih Featuring J. Cole,3,Thu Oct 01 2015 00:00:00 GMT-0400 (EDT)
Sam Hunt,7,Thu Oct 01 2015 00:00:00 GMT-0400 (EDT)
Brett Eldredge,5,Thu Oct 01 2015 00:00:00 GMT-0400 (EDT)
Kenny Chesney,5,Thu Oct 01 2015 00:00:00 GMT-0400 (EDT)
Nick Jonas,5,Thu Oct 01 2015 00:00:00 GMT-0400 (EDT)
Chris Janson,3,Thu Oct 01 2015 00:00:00 GMT-0400 (EDT)
Nicky Jam & Enrique Iglesias,4,Thu Oct 01 2015 00:00:00 GMT-0400 (EDT)
K Camp,5,Thu Oct 01 2015 00:00:00 GMT-0400 (EDT)
Thomas Rhett,6,Thu Oct 01 2015 00:00:00 GMT-0400 (EDT)
Carrie Underwood,5,Thu Oct 01 2015 00:00:00 GMT-0400 (EDT)
Old Dominion,5,Thu Oct 01 2015 00:00:00 GMT-0400 (EDT)
Travi$ Scott,5,Thu Oct 01 2015 00:00:00 GMT-0400 (EDT)
Cam,5,Thu Oct 01 2015 00:00:00 GMT-0400 (EDT)
Florida Georgia Line,5,Thu Oct 01 2015 00:00:00 GMT-0400 (EDT)
Rae Sremmurd,10,Thu Oct 01 2015 00:00:00 GMT-0400 (EDT)
Chris Young,5,Thu Oct 01 2015 00:00:00 GMT-0400 (EDT)
Drake & Future,40,Thu Oct 01 2015 00:00:00 GMT-0400 (EDT)
Lil Dicky Featuring Fetty Wap & Rich Homie Quan,3,Thu Oct 01 2015 00:00:00 GMT-0400 (EDT)
Maddie & Tae,4,Thu Oct 01 2015 00:00:00 GMT-0400 (EDT)
Post Malone,5,Thu Oct 01 2015 00:00:00 GMT-0400 (EDT)
J. Cole,5,Thu Oct 01 2015 00:00:00 GMT-0400 (EDT)
Adam Lambert,3,Thu Oct 01 2015 00:00:00 GMT-0400 (EDT)
Chris Brown,5,Thu Oct 01 2015 00:00:00 GMT-0400 (EDT)
Little Mix,2,Thu Oct 01 2015 00:00:00 GMT-0400 (EDT)
Cole Swindell,5,Thu Oct 01 2015 00:00:00 GMT-0400 (EDT)
Dan + Shay,5,Thu Oct 01 2015 00:00:00 GMT-0400 (EDT)
Chase Rice,5,Thu Oct 01 2015 00:00:00 GMT-0400 (EDT)
Blake Shelton,5,Thu Oct 01 2015 00:00:00 GMT-0400 (EDT)
Naughty Boy Featuring Beyonce & Arrow Benjamin,1,Thu Oct 01 2015 00:00:00 GMT-0400 (EDT)
Lil Wayne & Charlie Puth,5,Thu Oct 01 2015 00:00:00 GMT-0400 (EDT)
J Balvin,5,Thu Oct 01 2015 00:00:00 GMT-0400 (EDT)
Major Lazer Featuring Ellie Goulding & Tarrus Riley,5,Thu Oct 01 2015 00:00:00 GMT-0400 (EDT)
Ty Dolla $ign Featuring Future & Rae Sremmurd,5,Thu Oct 01 2015 00:00:00 GMT-0400 (EDT)
Flo Rida Featuring Robin Thicke & Verdine White,1,Thu Oct 01 2015 00:00:00 GMT-0400 (EDT)
Kendrick Lamar,1,Thu Oct 01 2015 00:00:00 GMT-0400 (EDT)
A Great Big World Featuring FUTURISTIC,2,Thu Oct 01 2015 00:00:00 GMT-0400 (EDT)
Meek Mill Featuring Drake,1,Thu Oct 01 2015 00:00:00 GMT-0400 (EDT)
Sia,1,Thu Oct 01 2015 00:00:00 GMT-0400 (EDT)
Rudimental Featuring Ed Sheeran,3,Thu Oct 01 2015 00:00:00 GMT-0400 (EDT)
Sam Smith,1,Thu Oct 01 2015 00:00:00 GMT-0400 (EDT)
Bryson Tiller,4,Thu Oct 01 2015 00:00:00 GMT-0400 (EDT)
Future,2,Thu Oct 01 2015 00:00:00 GMT-0400 (EDT)
Halsey,4,Thu Oct 01 2015 00:00:00 GMT-0400 (EDT)
Daya,4,Thu Oct 01 2015 00:00:00 GMT-0400 (EDT)
iLoveMemphis,3,Thu Oct 01 2015 00:00:00 GMT-0400 (EDT)
DeJ Loaf Featuring Big Sean,3,Thu Oct 01 2015 00:00:00 GMT-0400 (EDT)
Nelly Featuring Jeremih,3,Thu Oct 01 2015 00:00:00 GMT-0400 (EDT)
twenty one pilots,3,Thu Oct 01 2015 00:00:00 GMT-0400 (EDT)
Andrew McMahon In The Wilderness,1,Thu Oct 01 2015 00:00:00 GMT-0400 (EDT)
Brothers Osborne,3,Thu Oct 01 2015 00:00:00 GMT-0400 (EDT)
The Game Featuring Drake,2,Thu Oct 01 2015 00:00:00 GMT-0400 (EDT)
Jana Kramer,2,Thu Oct 01 2015 00:00:00 GMT-0400 (EDT)
Jess Glynne,2,Thu Oct 01 2015 00:00:00 GMT-0400 (EDT)
Tim McGraw,2,Thu Oct 01 2015 00:00:00 GMT-0400 (EDT)
The 1975,1,Thu Oct 01 2015 00:00:00 GMT-0400 (EDT)
DNCE,1,Thu Oct 01 2015 00:00:00 GMT-0400 (EDT)
Tory Lanez,1,Thu Oct 01 2015 00:00:00 GMT-0400 (EDT)
Jason Aldean,1,Thu Oct 01 2015 00:00:00 GMT-0400 (EDT)
The Chainsmokers Featuring ROZES,1,Thu Oct 01 2015 00:00:00 GMT-0400 (EDT)
Pentatonix,1,Thu Oct 01 2015 00:00:00 GMT-0400 (EDT)
Justin Bieber,20,Sun Nov 01 2015 00:00:00 GMT-0400 (EDT)
Adele,4,Sun Nov 01 2015 00:00:00 GMT-0400 (EDT)
Drake,12,Sun Nov 01 2015 00:00:00 GMT-0400 (EDT)
The Weeknd,9,Sun Nov 01 2015 00:00:00 GMT-0400 (EDT)
Shawn Mendes,4,Sun Nov 01 2015 00:00:00 GMT-0400 (EDT)
Taylor Swift,4,Sun Nov 01 2015 00:00:00 GMT-0400 (EDT)
Fetty Wap Featuring Remy Boyz,4,Sun Nov 01 2015 00:00:00 GMT-0400 (EDT)
R. City Featuring Adam Levine,4,Sun Nov 01 2015 00:00:00 GMT-0400 (EDT)
Silento,4,Sun Nov 01 2015 00:00:00 GMT-0400 (EDT)
Elle King,4,Sun Nov 01 2015 00:00:00 GMT-0400 (EDT)
Meghan Trainor Featuring John Legend,4,Sun Nov 01 2015 00:00:00 GMT-0400 (EDT)
Drake & Future,15,Sun Nov 01 2015 00:00:00 GMT-0400 (EDT)
Alessia Cara,4,Sun Nov 01 2015 00:00:00 GMT-0400 (EDT)
Macklemore & Ryan Lewis Featuring Eric Nally Melle Mel Kool Moe Dee & Grandmaster Caz,4,Sun Nov 01 2015 00:00:00 GMT-0400 (EDT)
Major Lazer & DJ Snake Featuring M0,4,Sun Nov 01 2015 00:00:00 GMT-0400 (EDT)
Selena Gomez,4,Sun Nov 01 2015 00:00:00 GMT-0400 (EDT)
Ellie Goulding,4,Sun Nov 01 2015 00:00:00 GMT-0400 (EDT)
X Ambassadors,4,Sun Nov 01 2015 00:00:00 GMT-0400 (EDT)
Selena Gomez Featuring A$AP Rocky,4,Sun Nov 01 2015 00:00:00 GMT-0400 (EDT)
iLoveMemphis,4,Sun Nov 01 2015 00:00:00 GMT-0400 (EDT)
Fetty Wap,12,Sun Nov 01 2015 00:00:00 GMT-0400 (EDT)
One Direction,15,Sun Nov 01 2015 00:00:00 GMT-0400 (EDT)
OMI,4,Sun Nov 01 2015 00:00:00 GMT-0400 (EDT)
Ed Sheeran,7,Sun Nov 01 2015 00:00:00 GMT-0400 (EDT)
Calvin Harris & Disciples,4,Sun Nov 01 2015 00:00:00 GMT-0400 (EDT)
Fetty Wap Featuring Monty,6,Sun Nov 01 2015 00:00:00 GMT-0400 (EDT)
Wiz Khalifa Featuring Charlie Puth,4,Sun Nov 01 2015 00:00:00 GMT-0400 (EDT)
Future Featuring Drake,4,Sun Nov 01 2015 00:00:00 GMT-0400 (EDT)
Travi$ Scott,4,Sun Nov 01 2015 00:00:00 GMT-0400 (EDT)
Thomas Rhett,4,Sun Nov 01 2015 00:00:00 GMT-0400 (EDT)
Mark Ronson Featuring Bruno Mars,4,Sun Nov 01 2015 00:00:00 GMT-0400 (EDT)
Demi Lovato,7,Sun Nov 01 2015 00:00:00 GMT-0400 (EDT)
WALK THE MOON,3,Sun Nov 01 2015 00:00:00 GMT-0400 (EDT)
Post Malone,4,Sun Nov 01 2015 00:00:00 GMT-0400 (EDT)
Rachel Platten,4,Sun Nov 01 2015 00:00:00 GMT-0400 (EDT)
Luke Bryan,4,Sun Nov 01 2015 00:00:00 GMT-0400 (EDT)
Skrillex & Diplo With Justin Bieber,4,Sun Nov 01 2015 00:00:00 GMT-0400 (EDT)
Old Dominion,4,Sun Nov 01 2015 00:00:00 GMT-0400 (EDT)
Meek Mill Featuring Chris Brown & Nicki Minaj,2,Sun Nov 01 2015 00:00:00 GMT-0400 (EDT)
Chris Young,4,Sun Nov 01 2015 00:00:00 GMT-0400 (EDT)
Jason Derulo,2,Sun Nov 01 2015 00:00:00 GMT-0400 (EDT)
Hailee Steinfeld,4,Sun Nov 01 2015 00:00:00 GMT-0400 (EDT)
Maroon 5,1,Sun Nov 01 2015 00:00:00 GMT-0400 (EDT)
Cam,4,Sun Nov 01 2015 00:00:00 GMT-0400 (EDT)
Carrie Underwood,4,Sun Nov 01 2015 00:00:00 GMT-0400 (EDT)
Sam Hunt,4,Sun Nov 01 2015 00:00:00 GMT-0400 (EDT)
J. Cole,4,Sun Nov 01 2015 00:00:00 GMT-0400 (EDT)
Bryson Tiller,8,Sun Nov 01 2015 00:00:00 GMT-0400 (EDT)
Florida Georgia Line,3,Sun Nov 01 2015 00:00:00 GMT-0400 (EDT)
Rae Sremmurd,4,Sun Nov 01 2015 00:00:00 GMT-0400 (EDT)
DeJ Loaf Featuring Big Sean,4,Sun Nov 01 2015 00:00:00 GMT-0400 (EDT)
Cole Swindell,4,Sun Nov 01 2015 00:00:00 GMT-0400 (EDT)
Nick Jonas,3,Sun Nov 01 2015 00:00:00 GMT-0400 (EDT)
Charlie Puth Featuring Meghan Trainor,1,Sun Nov 01 2015 00:00:00 GMT-0400 (EDT)
Rudimental Featuring Ed Sheeran,4,Sun Nov 01 2015 00:00:00 GMT-0400 (EDT)
Dan + Shay,4,Sun Nov 01 2015 00:00:00 GMT-0400 (EDT)
Chris Brown,4,Sun Nov 01 2015 00:00:00 GMT-0400 (EDT)
Ty Dolla $ign Featuring Future & Rae Sremmurd,4,Sun Nov 01 2015 00:00:00 GMT-0400 (EDT)
Panic! At The Disco,2,Sun Nov 01 2015 00:00:00 GMT-0400 (EDT)
K Camp,3,Sun Nov 01 2015 00:00:00 GMT-0400 (EDT)
Blake Shelton,4,Sun Nov 01 2015 00:00:00 GMT-0400 (EDT)
The Chainsmokers Featuring ROZES,4,Sun Nov 01 2015 00:00:00 GMT-0400 (EDT)
Tory Lanez,4,Sun Nov 01 2015 00:00:00 GMT-0400 (EDT)
Nelly Featuring Jeremih,4,Sun Nov 01 2015 00:00:00 GMT-0400 (EDT)
twenty one pilots,4,Sun Nov 01 2015 00:00:00 GMT-0400 (EDT)
Brothers Osborne,4,Sun Nov 01 2015 00:00:00 GMT-0400 (EDT)
Kenny Chesney,3,Sun Nov 01 2015 00:00:00 GMT-0400 (EDT)
Daya,4,Sun Nov 01 2015 00:00:00 GMT-0400 (EDT)
Jana Kramer,4,Sun Nov 01 2015 00:00:00 GMT-0400 (EDT)
Kane Brown,1,Sun Nov 01 2015 00:00:00 GMT-0400 (EDT)
DNCE,4,Sun Nov 01 2015 00:00:00 GMT-0400 (EDT)
Gwen Stefani,1,Sun Nov 01 2015 00:00:00 GMT-0400 (EDT)
Jason Aldean,4,Sun Nov 01 2015 00:00:00 GMT-0400 (EDT)
Jess Glynne,3,Sun Nov 01 2015 00:00:00 GMT-0400 (EDT)
Halsey,2,Sun Nov 01 2015 00:00:00 GMT-0400 (EDT)
Chase Rice,1,Sun Nov 01 2015 00:00:00 GMT-0400 (EDT)
Tim McGraw,4,Sun Nov 01 2015 00:00:00 GMT-0400 (EDT)
Lil Wayne & Charlie Puth,1,Sun Nov 01 2015 00:00:00 GMT-0400 (EDT)
J Balvin,3,Sun Nov 01 2015 00:00:00 GMT-0400 (EDT)
Kelsea Ballerini,3,Sun Nov 01 2015 00:00:00 GMT-0400 (EDT)
Lil Dicky Featuring Fetty Wap & Rich Homie Quan,3,Sun Nov 01 2015 00:00:00 GMT-0400 (EDT)
Major Lazer Featuring Ellie Goulding & Tarrus Riley,1,Sun Nov 01 2015 00:00:00 GMT-0400 (EDT)
LoCash,4,Sun Nov 01 2015 00:00:00 GMT-0400 (EDT)
The Game Featuring Drake,1,Sun Nov 01 2015 00:00:00 GMT-0400 (EDT)
Ariana Grande,3,Sun Nov 01 2015 00:00:00 GMT-0400 (EDT)
Chris Stapleton,4,Sun Nov 01 2015 00:00:00 GMT-0400 (EDT)
Michael Jackson,1,Sun Nov 01 2015 00:00:00 GMT-0400 (EDT)
G-Eazy x Bebe Rexha,3,Sun Nov 01 2015 00:00:00 GMT-0400 (EDT)
Big Sean Featuring Chris Brown & Ty Dolla $ign,2,Sun Nov 01 2015 00:00:00 GMT-0400 (EDT)
Zac Brown Band,2,Sun Nov 01 2015 00:00:00 GMT-0400 (EDT)
Parmalee,1,Sun Nov 01 2015 00:00:00 GMT-0400 (EDT)
Randy Houser,1,Sun Nov 01 2015 00:00:00 GMT-0400 (EDT)
Coldplay,2,Sun Nov 01 2015 00:00:00 GMT-0400 (EDT)
DLOW,2,Sun Nov 01 2015 00:00:00 GMT-0400 (EDT)
Sam Smith,1,Sun Nov 01 2015 00:00:00 GMT-0400 (EDT)
Sia,1,Sun Nov 01 2015 00:00:00 GMT-0400 (EDT)
Jordan Smith,2,Sun Nov 01 2015 00:00:00 GMT-0400 (EDT)
Missy Elliott Featuring Pharrell Williams,2,Sun Nov 01 2015 00:00:00 GMT-0400 (EDT)
Flo Rida,2,Sun Nov 01 2015 00:00:00 GMT-0400 (EDT)
Justin Bieber Featuring Halsey,1,Sun Nov 01 2015 00:00:00 GMT-0400 (EDT)
Justin Bieber Featuring Big Sean,1,Sun Nov 01 2015 00:00:00 GMT-0400 (EDT)
Justin Bieber Featuring Travi$ Scott,1,Sun Nov 01 2015 00:00:00 GMT-0400 (EDT)
Justin Bieber Featuring Nas,1,Sun Nov 01 2015 00:00:00 GMT-0400 (EDT)
Shawn Mendes & Camila Cabello,1,Sun Nov 01 2015 00:00:00 GMT-0400 (EDT)
Mark Ronson Featuring Bruno Mars,1,Tue Dec 01 2015 00:00:00 GMT-0500 (EST)
Adele,11,Tue Dec 01 2015 00:00:00 GMT-0500 (EST)
Justin Bieber,27,Tue Dec 01 2015 00:00:00 GMT-0500 (EST)
Drake,12,Tue Dec 01 2015 00:00:00 GMT-0500 (EST)
The Weeknd,12,Tue Dec 01 2015 00:00:00 GMT-0500 (EST)
Shawn Mendes,4,Tue Dec 01 2015 00:00:00 GMT-0500 (EST)
Meghan Trainor Featuring John Legend,4,Tue Dec 01 2015 00:00:00 GMT-0500 (EST)
Fetty Wap Featuring Remy Boyz,4,Tue Dec 01 2015 00:00:00 GMT-0500 (EST)
Alessia Cara,4,Tue Dec 01 2015 00:00:00 GMT-0500 (EST)
Selena Gomez,6,Tue Dec 01 2015 00:00:00 GMT-0500 (EST)
Elle King,4,Tue Dec 01 2015 00:00:00 GMT-0500 (EST)
Taylor Swift,4,Tue Dec 01 2015 00:00:00 GMT-0500 (EST)
Silento,4,Tue Dec 01 2015 00:00:00 GMT-0500 (EST)
Ellie Goulding,4,Tue Dec 01 2015 00:00:00 GMT-0500 (EST)
Ariana Grande,4,Tue Dec 01 2015 00:00:00 GMT-0500 (EST)
Drake & Future,8,Tue Dec 01 2015 00:00:00 GMT-0500 (EST)
Major Lazer & DJ Snake Featuring M0,4,Tue Dec 01 2015 00:00:00 GMT-0500 (EST)
Travi$ Scott,4,Tue Dec 01 2015 00:00:00 GMT-0500 (EST)
iLoveMemphis,4,Tue Dec 01 2015 00:00:00 GMT-0500 (EST)
R. City Featuring Adam Levine,4,Tue Dec 01 2015 00:00:00 GMT-0500 (EST)
Post Malone,4,Tue Dec 01 2015 00:00:00 GMT-0500 (EST)
Fetty Wap,9,Tue Dec 01 2015 00:00:00 GMT-0500 (EST)
One Direction,8,Tue Dec 01 2015 00:00:00 GMT-0500 (EST)
Demi Lovato,4,Tue Dec 01 2015 00:00:00 GMT-0500 (EST)
Thomas Rhett,4,Tue Dec 01 2015 00:00:00 GMT-0500 (EST)
Skrillex & Diplo With Justin Bieber,4,Tue Dec 01 2015 00:00:00 GMT-0500 (EST)
Bryson Tiller,9,Tue Dec 01 2015 00:00:00 GMT-0500 (EST)
Future Featuring Drake,4,Tue Dec 01 2015 00:00:00 GMT-0500 (EST)
Fetty Wap Featuring Monty,2,Tue Dec 01 2015 00:00:00 GMT-0500 (EST)
Wiz Khalifa Featuring Charlie Puth,4,Tue Dec 01 2015 00:00:00 GMT-0500 (EST)
Tory Lanez,4,Tue Dec 01 2015 00:00:00 GMT-0500 (EST)
X Ambassadors,3,Tue Dec 01 2015 00:00:00 GMT-0500 (EST)
Sam Hunt,4,Tue Dec 01 2015 00:00:00 GMT-0500 (EST)
Selena Gomez Featuring A$AP Rocky,4,Tue Dec 01 2015 00:00:00 GMT-0500 (EST)
Chris Young,2,Tue Dec 01 2015 00:00:00 GMT-0500 (EST)
OMI,4,Tue Dec 01 2015 00:00:00 GMT-0500 (EST)
J. Cole,4,Tue Dec 01 2015 00:00:00 GMT-0500 (EST)
DLOW,4,Tue Dec 01 2015 00:00:00 GMT-0500 (EST)
Justin Bieber Featuring Halsey,4,Tue Dec 01 2015 00:00:00 GMT-0500 (EST)
DeJ Loaf Featuring Big Sean,4,Tue Dec 01 2015 00:00:00 GMT-0500 (EST)
Ed Sheeran,2,Tue Dec 01 2015 00:00:00 GMT-0500 (EST)
Cam,4,Tue Dec 01 2015 00:00:00 GMT-0500 (EST)
Rudimental Featuring Ed Sheeran,4,Tue Dec 01 2015 00:00:00 GMT-0500 (EST)
The Chainsmokers Featuring ROZES,4,Tue Dec 01 2015 00:00:00 GMT-0500 (EST)
Calvin Harris & Disciples,2,Tue Dec 01 2015 00:00:00 GMT-0500 (EST)
Coldplay,4,Tue Dec 01 2015 00:00:00 GMT-0500 (EST)
Macklemore & Ryan Lewis Featuring Eric Nally Melle Mel Kool Moe Dee & Grandmaster Caz,4,Tue Dec 01 2015 00:00:00 GMT-0500 (EST)
twenty one pilots,4,Tue Dec 01 2015 00:00:00 GMT-0500 (EST)
Dan + Shay,4,Tue Dec 01 2015 00:00:00 GMT-0500 (EST)
Carrie Underwood,4,Tue Dec 01 2015 00:00:00 GMT-0500 (EST)
Daya,4,Tue Dec 01 2015 00:00:00 GMT-0500 (EST)
Blake Shelton,4,Tue Dec 01 2015 00:00:00 GMT-0500 (EST)
Rae Sremmurd,4,Tue Dec 01 2015 00:00:00 GMT-0500 (EST)
Luke Bryan,4,Tue Dec 01 2015 00:00:00 GMT-0500 (EST)
Nelly Featuring Jeremih,4,Tue Dec 01 2015 00:00:00 GMT-0500 (EST)
Jason Aldean,4,Tue Dec 01 2015 00:00:00 GMT-0500 (EST)
Brothers Osborne,4,Tue Dec 01 2015 00:00:00 GMT-0500 (EST)
Missy Elliott Featuring Pharrell Williams,4,Tue Dec 01 2015 00:00:00 GMT-0500 (EST)
Justin Bieber Featuring Big Sean,3,Tue Dec 01 2015 00:00:00 GMT-0500 (EST)
Ty Dolla $ign Featuring Future & Rae Sremmurd,4,Tue Dec 01 2015 00:00:00 GMT-0500 (EST)
Gwen Stefani,4,Tue Dec 01 2015 00:00:00 GMT-0500 (EST)
Justin Bieber Featuring Travi$ Scott,2,Tue Dec 01 2015 00:00:00 GMT-0500 (EST)
Chris Stapleton,1,Tue Dec 01 2015 00:00:00 GMT-0500 (EST)
Jana Kramer,4,Tue Dec 01 2015 00:00:00 GMT-0500 (EST)
Tim McGraw,4,Tue Dec 01 2015 00:00:00 GMT-0500 (EST)
Flo Rida,4,Tue Dec 01 2015 00:00:00 GMT-0500 (EST)
Chris Brown,4,Tue Dec 01 2015 00:00:00 GMT-0500 (EST)
G-Eazy x Bebe Rexha,4,Tue Dec 01 2015 00:00:00 GMT-0500 (EST)
DNCE,4,Tue Dec 01 2015 00:00:00 GMT-0500 (EST)
LoCash,4,Tue Dec 01 2015 00:00:00 GMT-0500 (EST)
Cole Swindell,3,Tue Dec 01 2015 00:00:00 GMT-0500 (EST)
Rachel Platten,4,Tue Dec 01 2015 00:00:00 GMT-0500 (EST)
Hailee Steinfeld,1,Tue Dec 01 2015 00:00:00 GMT-0500 (EST)
Kelsea Ballerini,4,Tue Dec 01 2015 00:00:00 GMT-0500 (EST)
J Balvin,1,Tue Dec 01 2015 00:00:00 GMT-0500 (EST)
Luke Bryan Featuring Karen Fairchild,4,Tue Dec 01 2015 00:00:00 GMT-0500 (EST)
Young Thug,4,Tue Dec 01 2015 00:00:00 GMT-0500 (EST)
Big Sean Featuring Chris Brown & Ty Dolla $ign,4,Tue Dec 01 2015 00:00:00 GMT-0500 (EST)
Future,1,Tue Dec 01 2015 00:00:00 GMT-0500 (EST)
Shawn Mendes & Camila Cabello,4,Tue Dec 01 2015 00:00:00 GMT-0500 (EST)
Barrett Baber,1,Tue Dec 01 2015 00:00:00 GMT-0500 (EST)
Mariah Carey,3,Tue Dec 01 2015 00:00:00 GMT-0500 (EST)
Jordan Smith,5,Tue Dec 01 2015 00:00:00 GMT-0500 (EST)
Yo Gotti,3,Tue Dec 01 2015 00:00:00 GMT-0500 (EST)
Charlie Puth,3,Tue Dec 01 2015 00:00:00 GMT-0500 (EST)
Fall Out Boy,3,Tue Dec 01 2015 00:00:00 GMT-0500 (EST)
Halsey,3,Tue Dec 01 2015 00:00:00 GMT-0500 (EST)
PSY Featuring CL,1,Tue Dec 01 2015 00:00:00 GMT-0500 (EST)
Madi Davis,1,Tue Dec 01 2015 00:00:00 GMT-0500 (EST)
Parmalee,2,Tue Dec 01 2015 00:00:00 GMT-0500 (EST)
Brenda Lee,2,Tue Dec 01 2015 00:00:00 GMT-0500 (EST)
Lil Dicky Featuring Fetty Wap & Rich Homie Quan,2,Tue Dec 01 2015 00:00:00 GMT-0500 (EST)
Dawin,2,Tue Dec 01 2015 00:00:00 GMT-0500 (EST)
Granger Smith,2,Tue Dec 01 2015 00:00:00 GMT-0500 (EST)
G-Eazy,1,Tue Dec 01 2015 00:00:00 GMT-0500 (EST)
Rick Ross Featuring Chris Brown,1,Tue Dec 01 2015 00:00:00 GMT-0500 (EST)
G-Eazy Featuring Chris Brown & Tory Lanez,1,Tue Dec 01 2015 00:00:00 GMT-0500 (EST)
Zac Brown Band,2,Tue Dec 01 2015 00:00:00 GMT-0500 (EST)
Emily Ann Roberts,1,Tue Dec 01 2015 00:00:00 GMT-0500 (EST)
Andy Grammer,1,Tue Dec 01 2015 00:00:00 GMT-0500 (EST)
Jordan Smith & Adam Levine,1,Tue Dec 01 2015 00:00:00 GMT-0500 (EST)
Tori Kelly,1,Tue Dec 01 2015 00:00:00 GMT-0500 (EST)
Adele,10,Fri Jan 01 2016 00:00:00 GMT-0500 (EST)
Justin Bieber,22,Fri Jan 01 2016 00:00:00 GMT-0500 (EST)
Drake,10,Fri Jan 01 2016 00:00:00 GMT-0500 (EST)
Selena Gomez,10,Fri Jan 01 2016 00:00:00 GMT-0500 (EST)
Alessia Cara,5,Fri Jan 01 2016 00:00:00 GMT-0500 (EST)
Shawn Mendes,5,Fri Jan 01 2016 00:00:00 GMT-0500 (EST)
The Weeknd,16,Fri Jan 01 2016 00:00:00 GMT-0500 (EST)
Meghan Trainor Featuring John Legend,5,Fri Jan 01 2016 00:00:00 GMT-0500 (EST)
Mariah Carey,1,Fri Jan 01 2016 00:00:00 GMT-0500 (EST)
Drake & Future,10,Fri Jan 01 2016 00:00:00 GMT-0500 (EST)
twenty one pilots,5,Fri Jan 01 2016 00:00:00 GMT-0500 (EST)
Fetty Wap Featuring Remy Boyz,5,Fri Jan 01 2016 00:00:00 GMT-0500 (EST)
Travi$ Scott,5,Fri Jan 01 2016 00:00:00 GMT-0500 (EST)
Ellie Goulding,5,Fri Jan 01 2016 00:00:00 GMT-0500 (EST)
Bryson Tiller,15,Fri Jan 01 2016 00:00:00 GMT-0500 (EST)
Silento,5,Fri Jan 01 2016 00:00:00 GMT-0500 (EST)
The Chainsmokers Featuring ROZES,5,Fri Jan 01 2016 00:00:00 GMT-0500 (EST)
Taylor Swift,8,Fri Jan 01 2016 00:00:00 GMT-0500 (EST)
Elle King,5,Fri Jan 01 2016 00:00:00 GMT-0500 (EST)
Post Malone,5,Fri Jan 01 2016 00:00:00 GMT-0500 (EST)
Thomas Rhett,5,Fri Jan 01 2016 00:00:00 GMT-0500 (EST)
Tory Lanez,5,Fri Jan 01 2016 00:00:00 GMT-0500 (EST)
Demi Lovato,5,Fri Jan 01 2016 00:00:00 GMT-0500 (EST)
Major Lazer & DJ Snake Featuring M0,5,Fri Jan 01 2016 00:00:00 GMT-0500 (EST)
Fetty Wap,13,Fri Jan 01 2016 00:00:00 GMT-0500 (EST)
Brenda Lee,1,Fri Jan 01 2016 00:00:00 GMT-0500 (EST)
One Direction,5,Fri Jan 01 2016 00:00:00 GMT-0500 (EST)
Sam Hunt,5,Fri Jan 01 2016 00:00:00 GMT-0500 (EST)
Shawn Mendes & Camila Cabello,5,Fri Jan 01 2016 00:00:00 GMT-0500 (EST)
iLoveMemphis,3,Fri Jan 01 2016 00:00:00 GMT-0500 (EST)
Ariana Grande,5,Fri Jan 01 2016 00:00:00 GMT-0500 (EST)
G-Eazy x Bebe Rexha,5,Fri Jan 01 2016 00:00:00 GMT-0500 (EST)
Flo Rida,5,Fri Jan 01 2016 00:00:00 GMT-0500 (EST)
Nat King Cole,1,Fri Jan 01 2016 00:00:00 GMT-0500 (EST)
J. Cole,5,Fri Jan 01 2016 00:00:00 GMT-0500 (EST)
Wiz Khalifa Featuring Charlie Puth,5,Fri Jan 01 2016 00:00:00 GMT-0500 (EST)
Daya,5,Fri Jan 01 2016 00:00:00 GMT-0500 (EST)
DNCE,5,Fri Jan 01 2016 00:00:00 GMT-0500 (EST)
Future Featuring Drake,3,Fri Jan 01 2016 00:00:00 GMT-0500 (EST)
R. City Featuring Adam Levine,5,Fri Jan 01 2016 00:00:00 GMT-0500 (EST)
Bobby Helms,1,Fri Jan 01 2016 00:00:00 GMT-0500 (EST)
DLOW,5,Fri Jan 01 2016 00:00:00 GMT-0500 (EST)
Skrillex & Diplo With Justin Bieber,3,Fri Jan 01 2016 00:00:00 GMT-0500 (EST)
Cam,2,Fri Jan 01 2016 00:00:00 GMT-0500 (EST)
Yo Gotti,5,Fri Jan 01 2016 00:00:00 GMT-0500 (EST)
Chris Brown,10,Fri Jan 01 2016 00:00:00 GMT-0500 (EST)
Coldplay,5,Fri Jan 01 2016 00:00:00 GMT-0500 (EST)
DeJ Loaf Featuring Big Sean,5,Fri Jan 01 2016 00:00:00 GMT-0500 (EST)
Charlie Puth,5,Fri Jan 01 2016 00:00:00 GMT-0500 (EST)
Missy Elliott Featuring Pharrell Williams,5,Fri Jan 01 2016 00:00:00 GMT-0500 (EST)
Luke Bryan Featuring Karen Fairchild,5,Fri Jan 01 2016 00:00:00 GMT-0500 (EST)
Nelly Featuring Jeremih,5,Fri Jan 01 2016 00:00:00 GMT-0500 (EST)
Young Thug,5,Fri Jan 01 2016 00:00:00 GMT-0500 (EST)
Brothers Osborne,5,Fri Jan 01 2016 00:00:00 GMT-0500 (EST)
Jason Aldean,5,Fri Jan 01 2016 00:00:00 GMT-0500 (EST)
Rachel Platten,5,Fri Jan 01 2016 00:00:00 GMT-0500 (EST)
Gwen Stefani,4,Fri Jan 01 2016 00:00:00 GMT-0500 (EST)
Fall Out Boy,5,Fri Jan 01 2016 00:00:00 GMT-0500 (EST)
Jana Kramer,5,Fri Jan 01 2016 00:00:00 GMT-0500 (EST)
LoCash,5,Fri Jan 01 2016 00:00:00 GMT-0500 (EST)
Halsey,5,Fri Jan 01 2016 00:00:00 GMT-0500 (EST)
Cole Swindell,5,Fri Jan 01 2016 00:00:00 GMT-0500 (EST)
Lil Dicky Featuring Fetty Wap & Rich Homie Quan,5,Fri Jan 01 2016 00:00:00 GMT-0500 (EST)
Blake Shelton,4,Fri Jan 01 2016 00:00:00 GMT-0500 (EST)
Dawin,5,Fri Jan 01 2016 00:00:00 GMT-0500 (EST)
Rae Sremmurd,5,Fri Jan 01 2016 00:00:00 GMT-0500 (EST)
Rudimental Featuring Ed Sheeran,5,Fri Jan 01 2016 00:00:00 GMT-0500 (EST)
Lindsey Stirling,1,Fri Jan 01 2016 00:00:00 GMT-0500 (EST)
Macklemore & Ryan Lewis Featuring Eric Nally Melle Mel Kool Moe Dee & Grandmaster Caz,3,Fri Jan 01 2016 00:00:00 GMT-0500 (EST)
Andy Grammer,5,Fri Jan 01 2016 00:00:00 GMT-0500 (EST)
Justin Bieber Featuring Halsey,2,Fri Jan 01 2016 00:00:00 GMT-0500 (EST)
Tim McGraw,3,Fri Jan 01 2016 00:00:00 GMT-0500 (EST)
Ty Dolla $ign Featuring Future & Rae Sremmurd,4,Fri Jan 01 2016 00:00:00 GMT-0500 (EST)
Granger Smith,5,Fri Jan 01 2016 00:00:00 GMT-0500 (EST)
J Balvin,4,Fri Jan 01 2016 00:00:00 GMT-0500 (EST)
Zac Brown Band,5,Fri Jan 01 2016 00:00:00 GMT-0500 (EST)
Big Sean Featuring Chris Brown & Ty Dolla $ign,5,Fri Jan 01 2016 00:00:00 GMT-0500 (EST)
Kevin Gates,8,Fri Jan 01 2016 00:00:00 GMT-0500 (EST)
Tori Kelly,5,Fri Jan 01 2016 00:00:00 GMT-0500 (EST)
Kelsea Ballerini,5,Fri Jan 01 2016 00:00:00 GMT-0500 (EST)
James Bay,5,Fri Jan 01 2016 00:00:00 GMT-0500 (EST)
Future,2,Fri Jan 01 2016 00:00:00 GMT-0500 (EST)
Jason Derulo,5,Fri Jan 01 2016 00:00:00 GMT-0500 (EST)
2 Chainz,4,Fri Jan 01 2016 00:00:00 GMT-0500 (EST)
Carrie Underwood,5,Fri Jan 01 2016 00:00:00 GMT-0500 (EST)
Eric Church,4,Fri Jan 01 2016 00:00:00 GMT-0500 (EST)
Keith Urban,4,Fri Jan 01 2016 00:00:00 GMT-0500 (EST)
Fetty Wap Featuring Monty,1,Fri Jan 01 2016 00:00:00 GMT-0500 (EST)
Randy Houser,4,Fri Jan 01 2016 00:00:00 GMT-0500 (EST)
Florida Georgia Line,4,Fri Jan 01 2016 00:00:00 GMT-0500 (EST)
Jeremih,3,Fri Jan 01 2016 00:00:00 GMT-0500 (EST)
Robin Schulz Featuring Francesco Yates,3,Fri Jan 01 2016 00:00:00 GMT-0500 (EST)
Chris Stapleton,4,Fri Jan 01 2016 00:00:00 GMT-0500 (EST)
David Bowie,3,Fri Jan 01 2016 00:00:00 GMT-0500 (EST)
Queen & David Bowie,1,Fri Jan 01 2016 00:00:00 GMT-0500 (EST)
Brett Eldredge,2,Fri Jan 01 2016 00:00:00 GMT-0500 (EST)
David Guetta Featuring Sia & Fetty Wap,2,Fri Jan 01 2016 00:00:00 GMT-0500 (EST)
DJ Snake Featuring Bipolar Sunshine,1,Fri Jan 01 2016 00:00:00 GMT-0500 (EST)
Lukas Graham,1,Fri Jan 01 2016 00:00:00 GMT-0500 (EST)
Panic! At The Disco,3,Fri Jan 01 2016 00:00:00 GMT-0500 (EST)
Mike Posner,1,Fri Jan 01 2016 00:00:00 GMT-0500 (EST)
Empire Of The Sun,1,Fri Jan 01 2016 00:00:00 GMT-0500 (EST)
